station,season,species,capture.count
BGP1,Spring19,Canis latrans,0
BGP1,Spring19,Didelphis virginiana,0
BGP1,Spring19,Lontra canadensis,0
BGP1,Spring19,Lynx rufus,0
BGP1,Spring19,Mephitis mephitis,0
BGP1,Spring19,Odocoileus hemionus,0
BGP1,Spring19,Procyon lotor,0
BGP1,Spring19,Ursus americanus,0
BGP1,Summer19,Canis latrans,0
BGP1,Summer19,Didelphis virginiana,0
BGP1,Summer19,Lontra canadensis,0
BGP1,Summer19,Lynx rufus,0
BGP1,Summer19,Mephitis mephitis,0
BGP1,Summer19,Odocoileus hemionus,0
BGP1,Summer19,Procyon lotor,0
BGP1,Summer19,Ursus americanus,0
BGP1,Fall19,Canis latrans,0
BGP1,Fall19,Didelphis virginiana,1
BGP1,Fall19,Lontra canadensis,0
BGP1,Fall19,Lynx rufus,0
BGP1,Fall19,Mephitis mephitis,0
BGP1,Fall19,Odocoileus hemionus,0
BGP1,Fall19,Procyon lotor,0
BGP1,Fall19,Ursus americanus,0
BGP2,Winter20,Canis latrans,0
BGP2,Winter20,Didelphis virginiana,0
BGP2,Winter20,Lontra canadensis,0
BGP2,Winter20,Lynx rufus,0
BGP2,Winter20,Mephitis mephitis,0
BGP2,Winter20,Odocoileus hemionus,0
BGP2,Winter20,Procyon lotor,0
BGP2,Winter20,Ursus americanus,0
BGP2,Spring20,Canis latrans,0
BGP2,Spring20,Didelphis virginiana,0
BGP2,Spring20,Lontra canadensis,0
BGP2,Spring20,Lynx rufus,0
BGP2,Spring20,Mephitis mephitis,0
BGP2,Spring20,Odocoileus hemionus,0
BGP2,Spring20,Procyon lotor,0
BGP2,Spring20,Ursus americanus,0
BGP2,Summer20,Canis latrans,0
BGP2,Summer20,Didelphis virginiana,0
BGP2,Summer20,Lontra canadensis,0
BGP2,Summer20,Lynx rufus,0
BGP2,Summer20,Mephitis mephitis,0
BGP2,Summer20,Odocoileus hemionus,0
BGP2,Summer20,Procyon lotor,1
BGP2,Summer20,Ursus americanus,0
BGP2,Fall20,Canis latrans,17
BGP2,Fall20,Didelphis virginiana,18
BGP2,Fall20,Lontra canadensis,0
BGP2,Fall20,Lynx rufus,0
BGP2,Fall20,Mephitis mephitis,0
BGP2,Fall20,Odocoileus hemionus,0
BGP2,Fall20,Procyon lotor,14
BGP2,Fall20,Ursus americanus,0
BRF1,Spring19,Canis latrans,0
BRF1,Spring19,Didelphis virginiana,0
BRF1,Spring19,Lontra canadensis,0
BRF1,Spring19,Lynx rufus,0
BRF1,Spring19,Mephitis mephitis,0
BRF1,Spring19,Odocoileus hemionus,0
BRF1,Spring19,Procyon lotor,17
BRF1,Spring19,Ursus americanus,0
BRF1,Fall19,Canis latrans,0
BRF1,Fall19,Didelphis virginiana,0
BRF1,Fall19,Lontra canadensis,0
BRF1,Fall19,Lynx rufus,0
BRF1,Fall19,Mephitis mephitis,0
BRF1,Fall19,Odocoileus hemionus,0
BRF1,Fall19,Procyon lotor,0
BRF1,Fall19,Ursus americanus,0
BRF2,Fall20,Canis latrans,0
BRF2,Fall20,Didelphis virginiana,0
BRF2,Fall20,Lontra canadensis,0
BRF2,Fall20,Lynx rufus,0
BRF2,Fall20,Mephitis mephitis,0
BRF2,Fall20,Odocoileus hemionus,0
BRF2,Fall20,Procyon lotor,0
BRF2,Fall20,Ursus americanus,0
DOS1,Spring19,Canis latrans,0
DOS1,Spring19,Didelphis virginiana,0
DOS1,Spring19,Lontra canadensis,0
DOS1,Spring19,Lynx rufus,0
DOS1,Spring19,Mephitis mephitis,0
DOS1,Spring19,Odocoileus hemionus,1
DOS1,Spring19,Procyon lotor,0
DOS1,Spring19,Ursus americanus,0
DOS1,Fall19,Canis latrans,0
DOS1,Fall19,Didelphis virginiana,1
DOS1,Fall19,Lontra canadensis,0
DOS1,Fall19,Lynx rufus,0
DOS1,Fall19,Mephitis mephitis,0
DOS1,Fall19,Odocoileus hemionus,0
DOS1,Fall19,Procyon lotor,0
DOS1,Fall19,Ursus americanus,0
DOS1,Spring20,Canis latrans,0
DOS1,Spring20,Didelphis virginiana,1
DOS1,Spring20,Lontra canadensis,0
DOS1,Spring20,Lynx rufus,0
DOS1,Spring20,Mephitis mephitis,0
DOS1,Spring20,Odocoileus hemionus,1
DOS1,Spring20,Procyon lotor,0
DOS1,Spring20,Ursus americanus,0
DOS1,Summer20,Canis latrans,0
DOS1,Summer20,Didelphis virginiana,1
DOS1,Summer20,Lontra canadensis,0
DOS1,Summer20,Lynx rufus,0
DOS1,Summer20,Mephitis mephitis,0
DOS1,Summer20,Odocoileus hemionus,0
DOS1,Summer20,Procyon lotor,0
DOS1,Summer20,Ursus americanus,1
DRP2,Summer19,Canis latrans,0
DRP2,Summer19,Didelphis virginiana,2
DRP2,Summer19,Lontra canadensis,0
DRP2,Summer19,Lynx rufus,0
DRP2,Summer19,Mephitis mephitis,0
DRP2,Summer19,Odocoileus hemionus,0
DRP2,Summer19,Procyon lotor,53
DRP2,Summer19,Ursus americanus,0
DRP2,Fall19,Canis latrans,0
DRP2,Fall19,Didelphis virginiana,0
DRP2,Fall19,Lontra canadensis,0
DRP2,Fall19,Lynx rufus,0
DRP2,Fall19,Mephitis mephitis,0
DRP2,Fall19,Odocoileus hemionus,0
DRP2,Fall19,Procyon lotor,94
DRP2,Fall19,Ursus americanus,0
DRP2,Winter20,Canis latrans,0
DRP2,Winter20,Didelphis virginiana,0
DRP2,Winter20,Lontra canadensis,0
DRP2,Winter20,Lynx rufus,0
DRP2,Winter20,Mephitis mephitis,0
DRP2,Winter20,Odocoileus hemionus,0
DRP2,Winter20,Procyon lotor,35
DRP2,Winter20,Ursus americanus,0
DRP2,Spring20,Canis latrans,0
DRP2,Spring20,Didelphis virginiana,0
DRP2,Spring20,Lontra canadensis,0
DRP2,Spring20,Lynx rufus,0
DRP2,Spring20,Mephitis mephitis,0
DRP2,Spring20,Odocoileus hemionus,0
DRP2,Spring20,Procyon lotor,30
DRP2,Spring20,Ursus americanus,0
DRP2,Summer20,Canis latrans,0
DRP2,Summer20,Didelphis virginiana,0
DRP2,Summer20,Lontra canadensis,0
DRP2,Summer20,Lynx rufus,0
DRP2,Summer20,Mephitis mephitis,0
DRP2,Summer20,Odocoileus hemionus,0
DRP2,Summer20,Procyon lotor,58
DRP2,Summer20,Ursus americanus,0
DRP2,Fall20,Canis latrans,2
DRP2,Fall20,Didelphis virginiana,0
DRP2,Fall20,Lontra canadensis,0
DRP2,Fall20,Lynx rufus,0
DRP2,Fall20,Mephitis mephitis,0
DRP2,Fall20,Odocoileus hemionus,0
DRP2,Fall20,Procyon lotor,54
DRP2,Fall20,Ursus americanus,0
DSP1,Spring19,Canis latrans,0
DSP1,Spring19,Didelphis virginiana,10
DSP1,Spring19,Lontra canadensis,0
DSP1,Spring19,Lynx rufus,0
DSP1,Spring19,Mephitis mephitis,0
DSP1,Spring19,Odocoileus hemionus,0
DSP1,Spring19,Procyon lotor,1
DSP1,Spring19,Ursus americanus,0
DSP1,Summer19,Canis latrans,0
DSP1,Summer19,Didelphis virginiana,7
DSP1,Summer19,Lontra canadensis,0
DSP1,Summer19,Lynx rufus,0
DSP1,Summer19,Mephitis mephitis,0
DSP1,Summer19,Odocoileus hemionus,0
DSP1,Summer19,Procyon lotor,1
DSP1,Summer19,Ursus americanus,0
DSP1,Fall19,Canis latrans,0
DSP1,Fall19,Didelphis virginiana,15
DSP1,Fall19,Lontra canadensis,0
DSP1,Fall19,Lynx rufus,0
DSP1,Fall19,Mephitis mephitis,0
DSP1,Fall19,Odocoileus hemionus,0
DSP1,Fall19,Procyon lotor,7
DSP1,Fall19,Ursus americanus,0
DSP1,Winter20,Canis latrans,0
DSP1,Winter20,Didelphis virginiana,0
DSP1,Winter20,Lontra canadensis,0
DSP1,Winter20,Lynx rufus,0
DSP1,Winter20,Mephitis mephitis,0
DSP1,Winter20,Odocoileus hemionus,0
DSP1,Winter20,Procyon lotor,2
DSP1,Winter20,Ursus americanus,0
DSP1,Spring20,Canis latrans,0
DSP1,Spring20,Didelphis virginiana,0
DSP1,Spring20,Lontra canadensis,0
DSP1,Spring20,Lynx rufus,0
DSP1,Spring20,Mephitis mephitis,0
DSP1,Spring20,Odocoileus hemionus,0
DSP1,Spring20,Procyon lotor,4
DSP1,Spring20,Ursus americanus,0
DSP1,Summer20,Canis latrans,1
DSP1,Summer20,Didelphis virginiana,0
DSP1,Summer20,Lontra canadensis,0
DSP1,Summer20,Lynx rufus,0
DSP1,Summer20,Mephitis mephitis,0
DSP1,Summer20,Odocoileus hemionus,0
DSP1,Summer20,Procyon lotor,4
DSP1,Summer20,Ursus americanus,0
DSP1,Fall20,Canis latrans,2
DSP1,Fall20,Didelphis virginiana,0
DSP1,Fall20,Lontra canadensis,0
DSP1,Fall20,Lynx rufus,0
DSP1,Fall20,Mephitis mephitis,0
DSP1,Fall20,Odocoileus hemionus,0
DSP1,Fall20,Procyon lotor,3
DSP1,Fall20,Ursus americanus,0
DWP1,Spring19,Canis latrans,0
DWP1,Spring19,Didelphis virginiana,0
DWP1,Spring19,Lontra canadensis,0
DWP1,Spring19,Lynx rufus,0
DWP1,Spring19,Mephitis mephitis,0
DWP1,Spring19,Odocoileus hemionus,0
DWP1,Spring19,Procyon lotor,0
DWP1,Spring19,Ursus americanus,0
DWP1,Summer19,Canis latrans,0
DWP1,Summer19,Didelphis virginiana,0
DWP1,Summer19,Lontra canadensis,0
DWP1,Summer19,Lynx rufus,0
DWP1,Summer19,Mephitis mephitis,3
DWP1,Summer19,Odocoileus hemionus,0
DWP1,Summer19,Procyon lotor,0
DWP1,Summer19,Ursus americanus,0
DWP1,Fall19,Canis latrans,0
DWP1,Fall19,Didelphis virginiana,0
DWP1,Fall19,Lontra canadensis,0
DWP1,Fall19,Lynx rufus,0
DWP1,Fall19,Mephitis mephitis,0
DWP1,Fall19,Odocoileus hemionus,0
DWP1,Fall19,Procyon lotor,6
DWP1,Fall19,Ursus americanus,0
FGL1,Spring19,Canis latrans,0
FGL1,Spring19,Didelphis virginiana,0
FGL1,Spring19,Lontra canadensis,0
FGL1,Spring19,Lynx rufus,0
FGL1,Spring19,Mephitis mephitis,0
FGL1,Spring19,Odocoileus hemionus,0
FGL1,Spring19,Procyon lotor,3
FGL1,Spring19,Ursus americanus,0
FGL1,Fall19,Canis latrans,0
FGL1,Fall19,Didelphis virginiana,0
FGL1,Fall19,Lontra canadensis,0
FGL1,Fall19,Lynx rufus,0
FGL1,Fall19,Mephitis mephitis,0
FGL1,Fall19,Odocoileus hemionus,0
FGL1,Fall19,Procyon lotor,2
FGL1,Fall19,Ursus americanus,0
FGL1,Winter20,Canis latrans,0
FGL1,Winter20,Didelphis virginiana,0
FGL1,Winter20,Lontra canadensis,0
FGL1,Winter20,Lynx rufus,0
FGL1,Winter20,Mephitis mephitis,0
FGL1,Winter20,Odocoileus hemionus,0
FGL1,Winter20,Procyon lotor,1
FGL1,Winter20,Ursus americanus,0
FGL1,Spring20,Canis latrans,0
FGL1,Spring20,Didelphis virginiana,0
FGL1,Spring20,Lontra canadensis,0
FGL1,Spring20,Lynx rufus,0
FGL1,Spring20,Mephitis mephitis,0
FGL1,Spring20,Odocoileus hemionus,0
FGL1,Spring20,Procyon lotor,0
FGL1,Spring20,Ursus americanus,0
FGL1,Summer20,Canis latrans,0
FGL1,Summer20,Didelphis virginiana,0
FGL1,Summer20,Lontra canadensis,0
FGL1,Summer20,Lynx rufus,0
FGL1,Summer20,Mephitis mephitis,0
FGL1,Summer20,Odocoileus hemionus,0
FGL1,Summer20,Procyon lotor,0
FGL1,Summer20,Ursus americanus,0
FGL1,Fall20,Canis latrans,4
FGL1,Fall20,Didelphis virginiana,0
FGL1,Fall20,Lontra canadensis,0
FGL1,Fall20,Lynx rufus,0
FGL1,Fall20,Mephitis mephitis,0
FGL1,Fall20,Odocoileus hemionus,0
FGL1,Fall20,Procyon lotor,4
FGL1,Fall20,Ursus americanus,0
FRD1,Spring19,Canis latrans,4
FRD1,Spring19,Didelphis virginiana,0
FRD1,Spring19,Lontra canadensis,0
FRD1,Spring19,Lynx rufus,0
FRD1,Spring19,Mephitis mephitis,0
FRD1,Spring19,Odocoileus hemionus,4
FRD1,Spring19,Procyon lotor,0
FRD1,Spring19,Ursus americanus,0
FRD1,Summer19,Canis latrans,3
FRD1,Summer19,Didelphis virginiana,0
FRD1,Summer19,Lontra canadensis,0
FRD1,Summer19,Lynx rufus,1
FRD1,Summer19,Mephitis mephitis,0
FRD1,Summer19,Odocoileus hemionus,5
FRD1,Summer19,Procyon lotor,0
FRD1,Summer19,Ursus americanus,0
FRD1,Fall19,Canis latrans,1
FRD1,Fall19,Didelphis virginiana,0
FRD1,Fall19,Lontra canadensis,0
FRD1,Fall19,Lynx rufus,0
FRD1,Fall19,Mephitis mephitis,0
FRD1,Fall19,Odocoileus hemionus,6
FRD1,Fall19,Procyon lotor,0
FRD1,Fall19,Ursus americanus,0
FRD1,Winter20,Canis latrans,2
FRD1,Winter20,Didelphis virginiana,0
FRD1,Winter20,Lontra canadensis,0
FRD1,Winter20,Lynx rufus,2
FRD1,Winter20,Mephitis mephitis,0
FRD1,Winter20,Odocoileus hemionus,12
FRD1,Winter20,Procyon lotor,1
FRD1,Winter20,Ursus americanus,0
FRD1,Summer20,Canis latrans,1
FRD1,Summer20,Didelphis virginiana,5
FRD1,Summer20,Lontra canadensis,0
FRD1,Summer20,Lynx rufus,0
FRD1,Summer20,Mephitis mephitis,0
FRD1,Summer20,Odocoileus hemionus,15
FRD1,Summer20,Procyon lotor,0
FRD1,Summer20,Ursus americanus,0
FRD1,Fall20,Canis latrans,1
FRD1,Fall20,Didelphis virginiana,3
FRD1,Fall20,Lontra canadensis,0
FRD1,Fall20,Lynx rufus,0
FRD1,Fall20,Mephitis mephitis,0
FRD1,Fall20,Odocoileus hemionus,2
FRD1,Fall20,Procyon lotor,1
FRD1,Fall20,Ursus americanus,0
HCN1,Spring19,Canis latrans,0
HCN1,Spring19,Didelphis virginiana,0
HCN1,Spring19,Lontra canadensis,0
HCN1,Spring19,Lynx rufus,0
HCN1,Spring19,Mephitis mephitis,0
HCN1,Spring19,Odocoileus hemionus,0
HCN1,Spring19,Procyon lotor,26
HCN1,Spring19,Ursus americanus,0
HCN1,Summer19,Canis latrans,0
HCN1,Summer19,Didelphis virginiana,0
HCN1,Summer19,Lontra canadensis,0
HCN1,Summer19,Lynx rufus,0
HCN1,Summer19,Mephitis mephitis,0
HCN1,Summer19,Odocoileus hemionus,0
HCN1,Summer19,Procyon lotor,0
HCN1,Summer19,Ursus americanus,0
HCN1,Fall19,Canis latrans,0
HCN1,Fall19,Didelphis virginiana,0
HCN1,Fall19,Lontra canadensis,1
HCN1,Fall19,Lynx rufus,0
HCN1,Fall19,Mephitis mephitis,0
HCN1,Fall19,Odocoileus hemionus,0
HCN1,Fall19,Procyon lotor,7
HCN1,Fall19,Ursus americanus,0
HCN1,Winter20,Canis latrans,0
HCN1,Winter20,Didelphis virginiana,0
HCN1,Winter20,Lontra canadensis,0
HCN1,Winter20,Lynx rufus,0
HCN1,Winter20,Mephitis mephitis,0
HCN1,Winter20,Odocoileus hemionus,0
HCN1,Winter20,Procyon lotor,4
HCN1,Winter20,Ursus americanus,0
HCN1,Summer20,Canis latrans,0
HCN1,Summer20,Didelphis virginiana,0
HCN1,Summer20,Lontra canadensis,0
HCN1,Summer20,Lynx rufus,0
HCN1,Summer20,Mephitis mephitis,0
HCN1,Summer20,Odocoileus hemionus,0
HCN1,Summer20,Procyon lotor,0
HCN1,Summer20,Ursus americanus,0
HFW1,Spring19,Canis latrans,0
HFW1,Spring19,Didelphis virginiana,1
HFW1,Spring19,Lontra canadensis,0
HFW1,Spring19,Lynx rufus,0
HFW1,Spring19,Mephitis mephitis,0
HFW1,Spring19,Odocoileus hemionus,0
HFW1,Spring19,Procyon lotor,2
HFW1,Spring19,Ursus americanus,0
HFW1,Summer19,Canis latrans,5
HFW1,Summer19,Didelphis virginiana,2
HFW1,Summer19,Lontra canadensis,0
HFW1,Summer19,Lynx rufus,0
HFW1,Summer19,Mephitis mephitis,0
HFW1,Summer19,Odocoileus hemionus,0
HFW1,Summer19,Procyon lotor,2
HFW1,Summer19,Ursus americanus,0
HFW1,Fall19,Canis latrans,2
HFW1,Fall19,Didelphis virginiana,6
HFW1,Fall19,Lontra canadensis,0
HFW1,Fall19,Lynx rufus,0
HFW1,Fall19,Mephitis mephitis,0
HFW1,Fall19,Odocoileus hemionus,0
HFW1,Fall19,Procyon lotor,3
HFW1,Fall19,Ursus americanus,0
HFW1,Winter20,Canis latrans,4
HFW1,Winter20,Didelphis virginiana,0
HFW1,Winter20,Lontra canadensis,0
HFW1,Winter20,Lynx rufus,0
HFW1,Winter20,Mephitis mephitis,0
HFW1,Winter20,Odocoileus hemionus,0
HFW1,Winter20,Procyon lotor,5
HFW1,Winter20,Ursus americanus,0
HFW1,Summer20,Canis latrans,4
HFW1,Summer20,Didelphis virginiana,14
HFW1,Summer20,Lontra canadensis,0
HFW1,Summer20,Lynx rufus,0
HFW1,Summer20,Mephitis mephitis,0
HFW1,Summer20,Odocoileus hemionus,1
HFW1,Summer20,Procyon lotor,15
HFW1,Summer20,Ursus americanus,0
HFW1,Fall20,Canis latrans,4
HFW1,Fall20,Didelphis virginiana,21
HFW1,Fall20,Lontra canadensis,0
HFW1,Fall20,Lynx rufus,0
HFW1,Fall20,Mephitis mephitis,0
HFW1,Fall20,Odocoileus hemionus,0
HFW1,Fall20,Procyon lotor,17
HFW1,Fall20,Ursus americanus,0
IRP1,Spring19,Canis latrans,8
IRP1,Spring19,Didelphis virginiana,0
IRP1,Spring19,Lontra canadensis,0
IRP1,Spring19,Lynx rufus,0
IRP1,Spring19,Mephitis mephitis,0
IRP1,Spring19,Odocoileus hemionus,0
IRP1,Spring19,Procyon lotor,0
IRP1,Spring19,Ursus americanus,0
IRP1,Summer19,Canis latrans,296
IRP1,Summer19,Didelphis virginiana,0
IRP1,Summer19,Lontra canadensis,0
IRP1,Summer19,Lynx rufus,0
IRP1,Summer19,Mephitis mephitis,0
IRP1,Summer19,Odocoileus hemionus,0
IRP1,Summer19,Procyon lotor,1
IRP1,Summer19,Ursus americanus,0
IRP1,Fall19,Canis latrans,8
IRP1,Fall19,Didelphis virginiana,0
IRP1,Fall19,Lontra canadensis,0
IRP1,Fall19,Lynx rufus,0
IRP1,Fall19,Mephitis mephitis,0
IRP1,Fall19,Odocoileus hemionus,0
IRP1,Fall19,Procyon lotor,2
IRP1,Fall19,Ursus americanus,0
IRP1,Winter20,Canis latrans,1
IRP1,Winter20,Didelphis virginiana,0
IRP1,Winter20,Lontra canadensis,0
IRP1,Winter20,Lynx rufus,0
IRP1,Winter20,Mephitis mephitis,0
IRP1,Winter20,Odocoileus hemionus,0
IRP1,Winter20,Procyon lotor,1
IRP1,Winter20,Ursus americanus,0
IRP1,Spring20,Canis latrans,1
IRP1,Spring20,Didelphis virginiana,0
IRP1,Spring20,Lontra canadensis,0
IRP1,Spring20,Lynx rufus,0
IRP1,Spring20,Mephitis mephitis,0
IRP1,Spring20,Odocoileus hemionus,0
IRP1,Spring20,Procyon lotor,6
IRP1,Spring20,Ursus americanus,0
IRP1,Summer20,Canis latrans,14
IRP1,Summer20,Didelphis virginiana,0
IRP1,Summer20,Lontra canadensis,0
IRP1,Summer20,Lynx rufus,0
IRP1,Summer20,Mephitis mephitis,0
IRP1,Summer20,Odocoileus hemionus,0
IRP1,Summer20,Procyon lotor,4
IRP1,Summer20,Ursus americanus,0
IRP1,Fall20,Canis latrans,12
IRP1,Fall20,Didelphis virginiana,0
IRP1,Fall20,Lontra canadensis,0
IRP1,Fall20,Lynx rufus,0
IRP1,Fall20,Mephitis mephitis,0
IRP1,Fall20,Odocoileus hemionus,0
IRP1,Fall20,Procyon lotor,5
IRP1,Fall20,Ursus americanus,0
JBP1,Spring19,Canis latrans,3
JBP1,Spring19,Didelphis virginiana,0
JBP1,Spring19,Lontra canadensis,0
JBP1,Spring19,Lynx rufus,0
JBP1,Spring19,Mephitis mephitis,0
JBP1,Spring19,Odocoileus hemionus,16
JBP1,Spring19,Procyon lotor,0
JBP1,Spring19,Ursus americanus,0
JBP1,Summer19,Canis latrans,3
JBP1,Summer19,Didelphis virginiana,0
JBP1,Summer19,Lontra canadensis,0
JBP1,Summer19,Lynx rufus,0
JBP1,Summer19,Mephitis mephitis,0
JBP1,Summer19,Odocoileus hemionus,21
JBP1,Summer19,Procyon lotor,0
JBP1,Summer19,Ursus americanus,0
JBP1,Fall19,Canis latrans,2
JBP1,Fall19,Didelphis virginiana,0
JBP1,Fall19,Lontra canadensis,0
JBP1,Fall19,Lynx rufus,0
JBP1,Fall19,Mephitis mephitis,0
JBP1,Fall19,Odocoileus hemionus,34
JBP1,Fall19,Procyon lotor,1
JBP1,Fall19,Ursus americanus,0
JBP1,Winter20,Canis latrans,6
JBP1,Winter20,Didelphis virginiana,1
JBP1,Winter20,Lontra canadensis,0
JBP1,Winter20,Lynx rufus,0
JBP1,Winter20,Mephitis mephitis,0
JBP1,Winter20,Odocoileus hemionus,2
JBP1,Winter20,Procyon lotor,1
JBP1,Winter20,Ursus americanus,0
JBP1,Spring20,Canis latrans,2
JBP1,Spring20,Didelphis virginiana,4
JBP1,Spring20,Lontra canadensis,0
JBP1,Spring20,Lynx rufus,2
JBP1,Spring20,Mephitis mephitis,0
JBP1,Spring20,Odocoileus hemionus,3
JBP1,Spring20,Procyon lotor,1
JBP1,Spring20,Ursus americanus,0
JBP1,Summer20,Canis latrans,3
JBP1,Summer20,Didelphis virginiana,2
JBP1,Summer20,Lontra canadensis,0
JBP1,Summer20,Lynx rufus,0
JBP1,Summer20,Mephitis mephitis,0
JBP1,Summer20,Odocoileus hemionus,34
JBP1,Summer20,Procyon lotor,0
JBP1,Summer20,Ursus americanus,0
JBP1,Fall20,Canis latrans,1
JBP1,Fall20,Didelphis virginiana,0
JBP1,Fall20,Lontra canadensis,0
JBP1,Fall20,Lynx rufus,0
JBP1,Fall20,Mephitis mephitis,0
JBP1,Fall20,Odocoileus hemionus,19
JBP1,Fall20,Procyon lotor,0
JBP1,Fall20,Ursus americanus,0
LTP1,Spring19,Canis latrans,0
LTP1,Spring19,Didelphis virginiana,0
LTP1,Spring19,Lontra canadensis,0
LTP1,Spring19,Lynx rufus,0
LTP1,Spring19,Mephitis mephitis,0
LTP1,Spring19,Odocoileus hemionus,0
LTP1,Spring19,Procyon lotor,25
LTP1,Spring19,Ursus americanus,0
LWP2,Summer19,Canis latrans,0
LWP2,Summer19,Didelphis virginiana,0
LWP2,Summer19,Lontra canadensis,0
LWP2,Summer19,Lynx rufus,0
LWP2,Summer19,Mephitis mephitis,0
LWP2,Summer19,Odocoileus hemionus,0
LWP2,Summer19,Procyon lotor,0
LWP2,Summer19,Ursus americanus,0
LWP2,Winter20,Canis latrans,1
LWP2,Winter20,Didelphis virginiana,0
LWP2,Winter20,Lontra canadensis,0
LWP2,Winter20,Lynx rufus,0
LWP2,Winter20,Mephitis mephitis,0
LWP2,Winter20,Odocoileus hemionus,0
LWP2,Winter20,Procyon lotor,1
LWP2,Winter20,Ursus americanus,0
LWP3,Summer20,Canis latrans,0
LWP3,Summer20,Didelphis virginiana,0
LWP3,Summer20,Lontra canadensis,0
LWP3,Summer20,Lynx rufus,0
LWP3,Summer20,Mephitis mephitis,0
LWP3,Summer20,Odocoileus hemionus,0
LWP3,Summer20,Procyon lotor,1
LWP3,Summer20,Ursus americanus,0
LWP3,Fall20,Canis latrans,0
LWP3,Fall20,Didelphis virginiana,0
LWP3,Fall20,Lontra canadensis,0
LWP3,Fall20,Lynx rufus,0
LWP3,Fall20,Mephitis mephitis,0
LWP3,Fall20,Odocoileus hemionus,0
LWP3,Fall20,Procyon lotor,0
LWP3,Fall20,Ursus americanus,0
MBC1,Spring19,Canis latrans,1
MBC1,Spring19,Didelphis virginiana,0
MBC1,Spring19,Lontra canadensis,0
MBC1,Spring19,Lynx rufus,0
MBC1,Spring19,Mephitis mephitis,0
MBC1,Spring19,Odocoileus hemionus,1
MBC1,Spring19,Procyon lotor,1
MBC1,Spring19,Ursus americanus,0
MBC1,Summer19,Canis latrans,0
MBC1,Summer19,Didelphis virginiana,0
MBC1,Summer19,Lontra canadensis,0
MBC1,Summer19,Lynx rufus,0
MBC1,Summer19,Mephitis mephitis,0
MBC1,Summer19,Odocoileus hemionus,2
MBC1,Summer19,Procyon lotor,0
MBC1,Summer19,Ursus americanus,0
MBC1,Fall19,Canis latrans,0
MBC1,Fall19,Didelphis virginiana,0
MBC1,Fall19,Lontra canadensis,0
MBC1,Fall19,Lynx rufus,0
MBC1,Fall19,Mephitis mephitis,0
MBC1,Fall19,Odocoileus hemionus,8
MBC1,Fall19,Procyon lotor,1
MBC1,Fall19,Ursus americanus,0
MBC1,Winter20,Canis latrans,0
MBC1,Winter20,Didelphis virginiana,0
MBC1,Winter20,Lontra canadensis,0
MBC1,Winter20,Lynx rufus,2
MBC1,Winter20,Mephitis mephitis,0
MBC1,Winter20,Odocoileus hemionus,0
MBC1,Winter20,Procyon lotor,0
MBC1,Winter20,Ursus americanus,0
MBC2,Winter20,Canis latrans,0
MBC2,Winter20,Didelphis virginiana,0
MBC2,Winter20,Lontra canadensis,0
MBC2,Winter20,Lynx rufus,0
MBC2,Winter20,Mephitis mephitis,0
MBC2,Winter20,Odocoileus hemionus,0
MBC2,Winter20,Procyon lotor,0
MBC2,Winter20,Ursus americanus,0
MBC2,Spring20,Canis latrans,0
MBC2,Spring20,Didelphis virginiana,0
MBC2,Spring20,Lontra canadensis,0
MBC2,Spring20,Lynx rufus,0
MBC2,Spring20,Mephitis mephitis,0
MBC2,Spring20,Odocoileus hemionus,0
MBC2,Spring20,Procyon lotor,0
MBC2,Spring20,Ursus americanus,0
MBC2,Summer20,Canis latrans,0
MBC2,Summer20,Didelphis virginiana,2
MBC2,Summer20,Lontra canadensis,0
MBC2,Summer20,Lynx rufus,0
MBC2,Summer20,Mephitis mephitis,0
MBC2,Summer20,Odocoileus hemionus,1
MBC2,Summer20,Procyon lotor,3
MBC2,Summer20,Ursus americanus,0
MGP1,Spring19,Canis latrans,0
MGP1,Spring19,Didelphis virginiana,1
MGP1,Spring19,Lontra canadensis,0
MGP1,Spring19,Lynx rufus,0
MGP1,Spring19,Mephitis mephitis,0
MGP1,Spring19,Odocoileus hemionus,0
MGP1,Spring19,Procyon lotor,0
MGP1,Spring19,Ursus americanus,0
MGP1,Summer19,Canis latrans,0
MGP1,Summer19,Didelphis virginiana,0
MGP1,Summer19,Lontra canadensis,0
MGP1,Summer19,Lynx rufus,0
MGP1,Summer19,Mephitis mephitis,0
MGP1,Summer19,Odocoileus hemionus,0
MGP1,Summer19,Procyon lotor,0
MGP1,Summer19,Ursus americanus,0
MGP1,Fall19,Canis latrans,0
MGP1,Fall19,Didelphis virginiana,0
MGP1,Fall19,Lontra canadensis,0
MGP1,Fall19,Lynx rufus,0
MGP1,Fall19,Mephitis mephitis,0
MGP1,Fall19,Odocoileus hemionus,0
MGP1,Fall19,Procyon lotor,1
MGP1,Fall19,Ursus americanus,0
MGP1,Winter20,Canis latrans,0
MGP1,Winter20,Didelphis virginiana,0
MGP1,Winter20,Lontra canadensis,0
MGP1,Winter20,Lynx rufus,0
MGP1,Winter20,Mephitis mephitis,0
MGP1,Winter20,Odocoileus hemionus,0
MGP1,Winter20,Procyon lotor,0
MGP1,Winter20,Ursus americanus,0
MGP1,Spring20,Canis latrans,0
MGP1,Spring20,Didelphis virginiana,0
MGP1,Spring20,Lontra canadensis,0
MGP1,Spring20,Lynx rufus,0
MGP1,Spring20,Mephitis mephitis,0
MGP1,Spring20,Odocoileus hemionus,0
MGP1,Spring20,Procyon lotor,0
MGP1,Spring20,Ursus americanus,0
MGP1,Summer20,Canis latrans,0
MGP1,Summer20,Didelphis virginiana,0
MGP1,Summer20,Lontra canadensis,0
MGP1,Summer20,Lynx rufus,0
MGP1,Summer20,Mephitis mephitis,0
MGP1,Summer20,Odocoileus hemionus,0
MGP1,Summer20,Procyon lotor,0
MGP1,Summer20,Ursus americanus,0
MGP1,Fall20,Canis latrans,0
MGP1,Fall20,Didelphis virginiana,0
MGP1,Fall20,Lontra canadensis,0
MGP1,Fall20,Lynx rufus,0
MGP1,Fall20,Mephitis mephitis,0
MGP1,Fall20,Odocoileus hemionus,0
MGP1,Fall20,Procyon lotor,0
MGP1,Fall20,Ursus americanus,0
MPO1,Spring19,Canis latrans,0
MPO1,Spring19,Didelphis virginiana,9
MPO1,Spring19,Lontra canadensis,0
MPO1,Spring19,Lynx rufus,0
MPO1,Spring19,Mephitis mephitis,0
MPO1,Spring19,Odocoileus hemionus,78
MPO1,Spring19,Procyon lotor,0
MPO1,Spring19,Ursus americanus,0
MPO1,Summer19,Canis latrans,12
MPO1,Summer19,Didelphis virginiana,0
MPO1,Summer19,Lontra canadensis,0
MPO1,Summer19,Lynx rufus,0
MPO1,Summer19,Mephitis mephitis,0
MPO1,Summer19,Odocoileus hemionus,10
MPO1,Summer19,Procyon lotor,0
MPO1,Summer19,Ursus americanus,0
MPO1,Fall19,Canis latrans,0
MPO1,Fall19,Didelphis virginiana,4
MPO1,Fall19,Lontra canadensis,0
MPO1,Fall19,Lynx rufus,0
MPO1,Fall19,Mephitis mephitis,0
MPO1,Fall19,Odocoileus hemionus,5
MPO1,Fall19,Procyon lotor,0
MPO1,Fall19,Ursus americanus,0
MPO1,Winter20,Canis latrans,2
MPO1,Winter20,Didelphis virginiana,6
MPO1,Winter20,Lontra canadensis,0
MPO1,Winter20,Lynx rufus,0
MPO1,Winter20,Mephitis mephitis,0
MPO1,Winter20,Odocoileus hemionus,3
MPO1,Winter20,Procyon lotor,0
MPO1,Winter20,Ursus americanus,0
MPO1,Summer20,Canis latrans,6
MPO1,Summer20,Didelphis virginiana,0
MPO1,Summer20,Lontra canadensis,0
MPO1,Summer20,Lynx rufus,0
MPO1,Summer20,Mephitis mephitis,0
MPO1,Summer20,Odocoileus hemionus,1
MPO1,Summer20,Procyon lotor,0
MPO1,Summer20,Ursus americanus,0
MPO1,Fall20,Canis latrans,0
MPO1,Fall20,Didelphis virginiana,0
MPO1,Fall20,Lontra canadensis,0
MPO1,Fall20,Lynx rufus,0
MPO1,Fall20,Mephitis mephitis,0
MPO1,Fall20,Odocoileus hemionus,14
MPO1,Fall20,Procyon lotor,0
MPO1,Fall20,Ursus americanus,0
MSR1,Spring19,Canis latrans,0
MSR1,Spring19,Didelphis virginiana,0
MSR1,Spring19,Lontra canadensis,0
MSR1,Spring19,Lynx rufus,0
MSR1,Spring19,Mephitis mephitis,0
MSR1,Spring19,Odocoileus hemionus,0
MSR1,Spring19,Procyon lotor,45
MSR1,Spring19,Ursus americanus,0
MSR1,Summer19,Canis latrans,0
MSR1,Summer19,Didelphis virginiana,0
MSR1,Summer19,Lontra canadensis,0
MSR1,Summer19,Lynx rufus,0
MSR1,Summer19,Mephitis mephitis,0
MSR1,Summer19,Odocoileus hemionus,0
MSR1,Summer19,Procyon lotor,8
MSR1,Summer19,Ursus americanus,0
MSR1,Fall19,Canis latrans,0
MSR1,Fall19,Didelphis virginiana,0
MSR1,Fall19,Lontra canadensis,0
MSR1,Fall19,Lynx rufus,0
MSR1,Fall19,Mephitis mephitis,0
MSR1,Fall19,Odocoileus hemionus,0
MSR1,Fall19,Procyon lotor,6
MSR1,Fall19,Ursus americanus,0
MSR1,Winter20,Canis latrans,0
MSR1,Winter20,Didelphis virginiana,0
MSR1,Winter20,Lontra canadensis,0
MSR1,Winter20,Lynx rufus,0
MSR1,Winter20,Mephitis mephitis,0
MSR1,Winter20,Odocoileus hemionus,0
MSR1,Winter20,Procyon lotor,6
MSR1,Winter20,Ursus americanus,0
MSR1,Spring20,Canis latrans,0
MSR1,Spring20,Didelphis virginiana,0
MSR1,Spring20,Lontra canadensis,0
MSR1,Spring20,Lynx rufus,0
MSR1,Spring20,Mephitis mephitis,0
MSR1,Spring20,Odocoileus hemionus,0
MSR1,Spring20,Procyon lotor,2
MSR1,Spring20,Ursus americanus,0
MSR1,Summer20,Canis latrans,0
MSR1,Summer20,Didelphis virginiana,1
MSR1,Summer20,Lontra canadensis,0
MSR1,Summer20,Lynx rufus,0
MSR1,Summer20,Mephitis mephitis,0
MSR1,Summer20,Odocoileus hemionus,0
MSR1,Summer20,Procyon lotor,5
MSR1,Summer20,Ursus americanus,0
MSR1,Fall20,Canis latrans,0
MSR1,Fall20,Didelphis virginiana,0
MSR1,Fall20,Lontra canadensis,0
MSR1,Fall20,Lynx rufus,0
MSR1,Fall20,Mephitis mephitis,0
MSR1,Fall20,Odocoileus hemionus,0
MSR1,Fall20,Procyon lotor,2
MSR1,Fall20,Ursus americanus,0
MWP1,Spring19,Canis latrans,0
MWP1,Spring19,Didelphis virginiana,2
MWP1,Spring19,Lontra canadensis,0
MWP1,Spring19,Lynx rufus,0
MWP1,Spring19,Mephitis mephitis,0
MWP1,Spring19,Odocoileus hemionus,0
MWP1,Spring19,Procyon lotor,0
MWP1,Spring19,Ursus americanus,0
MWP1,Summer19,Canis latrans,0
MWP1,Summer19,Didelphis virginiana,0
MWP1,Summer19,Lontra canadensis,0
MWP1,Summer19,Lynx rufus,0
MWP1,Summer19,Mephitis mephitis,0
MWP1,Summer19,Odocoileus hemionus,0
MWP1,Summer19,Procyon lotor,0
MWP1,Summer19,Ursus americanus,0
MWP2,Summer19,Canis latrans,3
MWP2,Summer19,Didelphis virginiana,0
MWP2,Summer19,Lontra canadensis,0
MWP2,Summer19,Lynx rufus,0
MWP2,Summer19,Mephitis mephitis,0
MWP2,Summer19,Odocoileus hemionus,0
MWP2,Summer19,Procyon lotor,4
MWP2,Summer19,Ursus americanus,0
MWP2,Fall19,Canis latrans,1
MWP2,Fall19,Didelphis virginiana,0
MWP2,Fall19,Lontra canadensis,0
MWP2,Fall19,Lynx rufus,0
MWP2,Fall19,Mephitis mephitis,0
MWP2,Fall19,Odocoileus hemionus,0
MWP2,Fall19,Procyon lotor,5
MWP2,Fall19,Ursus americanus,0
MWP2,Winter20,Canis latrans,0
MWP2,Winter20,Didelphis virginiana,0
MWP2,Winter20,Lontra canadensis,0
MWP2,Winter20,Lynx rufus,0
MWP2,Winter20,Mephitis mephitis,0
MWP2,Winter20,Odocoileus hemionus,0
MWP2,Winter20,Procyon lotor,2
MWP2,Winter20,Ursus americanus,0
MWP2,Summer20,Canis latrans,0
MWP2,Summer20,Didelphis virginiana,0
MWP2,Summer20,Lontra canadensis,0
MWP2,Summer20,Lynx rufus,0
MWP2,Summer20,Mephitis mephitis,0
MWP2,Summer20,Odocoileus hemionus,0
MWP2,Summer20,Procyon lotor,17
MWP2,Summer20,Ursus americanus,0
MWP2,Fall20,Canis latrans,5
MWP2,Fall20,Didelphis virginiana,2
MWP2,Fall20,Lontra canadensis,0
MWP2,Fall20,Lynx rufus,0
MWP2,Fall20,Mephitis mephitis,0
MWP2,Fall20,Odocoileus hemionus,0
MWP2,Fall20,Procyon lotor,19
MWP2,Fall20,Ursus americanus,0
NRP1,Spring19,Canis latrans,0
NRP1,Spring19,Didelphis virginiana,3
NRP1,Spring19,Lontra canadensis,0
NRP1,Spring19,Lynx rufus,0
NRP1,Spring19,Mephitis mephitis,0
NRP1,Spring19,Odocoileus hemionus,0
NRP1,Spring19,Procyon lotor,1
NRP1,Spring19,Ursus americanus,0
NRP1,Fall19,Canis latrans,1
NRP1,Fall19,Didelphis virginiana,6
NRP1,Fall19,Lontra canadensis,0
NRP1,Fall19,Lynx rufus,1
NRP1,Fall19,Mephitis mephitis,0
NRP1,Fall19,Odocoileus hemionus,0
NRP1,Fall19,Procyon lotor,6
NRP1,Fall19,Ursus americanus,0
NRP1,Winter20,Canis latrans,2
NRP1,Winter20,Didelphis virginiana,0
NRP1,Winter20,Lontra canadensis,0
NRP1,Winter20,Lynx rufus,1
NRP1,Winter20,Mephitis mephitis,0
NRP1,Winter20,Odocoileus hemionus,0
NRP1,Winter20,Procyon lotor,10
NRP1,Winter20,Ursus americanus,0
NRP1,Spring20,Canis latrans,0
NRP1,Spring20,Didelphis virginiana,0
NRP1,Spring20,Lontra canadensis,0
NRP1,Spring20,Lynx rufus,1
NRP1,Spring20,Mephitis mephitis,0
NRP1,Spring20,Odocoileus hemionus,0
NRP1,Spring20,Procyon lotor,6
NRP1,Spring20,Ursus americanus,0
NRP1,Summer20,Canis latrans,1
NRP1,Summer20,Didelphis virginiana,0
NRP1,Summer20,Lontra canadensis,0
NRP1,Summer20,Lynx rufus,0
NRP1,Summer20,Mephitis mephitis,0
NRP1,Summer20,Odocoileus hemionus,0
NRP1,Summer20,Procyon lotor,2
NRP1,Summer20,Ursus americanus,0
NRP1,Fall20,Canis latrans,5
NRP1,Fall20,Didelphis virginiana,0
NRP1,Fall20,Lontra canadensis,0
NRP1,Fall20,Lynx rufus,0
NRP1,Fall20,Mephitis mephitis,0
NRP1,Fall20,Odocoileus hemionus,0
NRP1,Fall20,Procyon lotor,4
NRP1,Fall20,Ursus americanus,0
PGP1,Spring19,Canis latrans,0
PGP1,Spring19,Didelphis virginiana,0
PGP1,Spring19,Lontra canadensis,0
PGP1,Spring19,Lynx rufus,0
PGP1,Spring19,Mephitis mephitis,0
PGP1,Spring19,Odocoileus hemionus,0
PGP1,Spring19,Procyon lotor,0
PGP1,Spring19,Ursus americanus,0
PGP1,Summer19,Canis latrans,0
PGP1,Summer19,Didelphis virginiana,0
PGP1,Summer19,Lontra canadensis,0
PGP1,Summer19,Lynx rufus,0
PGP1,Summer19,Mephitis mephitis,0
PGP1,Summer19,Odocoileus hemionus,0
PGP1,Summer19,Procyon lotor,0
PGP1,Summer19,Ursus americanus,0
PGP2,Fall19,Canis latrans,0
PGP2,Fall19,Didelphis virginiana,0
PGP2,Fall19,Lontra canadensis,0
PGP2,Fall19,Lynx rufus,0
PGP2,Fall19,Mephitis mephitis,0
PGP2,Fall19,Odocoileus hemionus,0
PGP2,Fall19,Procyon lotor,15
PGP2,Fall19,Ursus americanus,0
PGP2,Winter20,Canis latrans,0
PGP2,Winter20,Didelphis virginiana,0
PGP2,Winter20,Lontra canadensis,0
PGP2,Winter20,Lynx rufus,0
PGP2,Winter20,Mephitis mephitis,0
PGP2,Winter20,Odocoileus hemionus,0
PGP2,Winter20,Procyon lotor,8
PGP2,Winter20,Ursus americanus,0
PGP2,Spring20,Canis latrans,0
PGP2,Spring20,Didelphis virginiana,0
PGP2,Spring20,Lontra canadensis,0
PGP2,Spring20,Lynx rufus,0
PGP2,Spring20,Mephitis mephitis,0
PGP2,Spring20,Odocoileus hemionus,0
PGP2,Spring20,Procyon lotor,0
PGP2,Spring20,Ursus americanus,0
PGP2,Summer20,Canis latrans,0
PGP2,Summer20,Didelphis virginiana,0
PGP2,Summer20,Lontra canadensis,0
PGP2,Summer20,Lynx rufus,0
PGP2,Summer20,Mephitis mephitis,0
PGP2,Summer20,Odocoileus hemionus,0
PGP2,Summer20,Procyon lotor,14
PGP2,Summer20,Ursus americanus,0
PGP2,Fall20,Canis latrans,0
PGP2,Fall20,Didelphis virginiana,0
PGP2,Fall20,Lontra canadensis,0
PGP2,Fall20,Lynx rufus,0
PGP2,Fall20,Mephitis mephitis,0
PGP2,Fall20,Odocoileus hemionus,0
PGP2,Fall20,Procyon lotor,0
PGP2,Fall20,Ursus americanus,0
PHN1,Spring19,Canis latrans,0
PHN1,Spring19,Didelphis virginiana,0
PHN1,Spring19,Lontra canadensis,0
PHN1,Spring19,Lynx rufus,0
PHN1,Spring19,Mephitis mephitis,0
PHN1,Spring19,Odocoileus hemionus,0
PHN1,Spring19,Procyon lotor,0
PHN1,Spring19,Ursus americanus,0
PHN1,Summer19,Canis latrans,0
PHN1,Summer19,Didelphis virginiana,0
PHN1,Summer19,Lontra canadensis,0
PHN1,Summer19,Lynx rufus,0
PHN1,Summer19,Mephitis mephitis,0
PHN1,Summer19,Odocoileus hemionus,0
PHN1,Summer19,Procyon lotor,0
PHN1,Summer19,Ursus americanus,0
PHN1,Fall19,Canis latrans,0
PHN1,Fall19,Didelphis virginiana,0
PHN1,Fall19,Lontra canadensis,0
PHN1,Fall19,Lynx rufus,0
PHN1,Fall19,Mephitis mephitis,0
PHN1,Fall19,Odocoileus hemionus,0
PHN1,Fall19,Procyon lotor,3
PHN1,Fall19,Ursus americanus,0
PHN1,Winter20,Canis latrans,0
PHN1,Winter20,Didelphis virginiana,0
PHN1,Winter20,Lontra canadensis,0
PHN1,Winter20,Lynx rufus,0
PHN1,Winter20,Mephitis mephitis,0
PHN1,Winter20,Odocoileus hemionus,0
PHN1,Winter20,Procyon lotor,5
PHN1,Winter20,Ursus americanus,0
PHN1,Spring20,Canis latrans,0
PHN1,Spring20,Didelphis virginiana,0
PHN1,Spring20,Lontra canadensis,0
PHN1,Spring20,Lynx rufus,0
PHN1,Spring20,Mephitis mephitis,0
PHN1,Spring20,Odocoileus hemionus,0
PHN1,Spring20,Procyon lotor,0
PHN1,Spring20,Ursus americanus,0
PHN1,Summer20,Canis latrans,9
PHN1,Summer20,Didelphis virginiana,0
PHN1,Summer20,Lontra canadensis,0
PHN1,Summer20,Lynx rufus,0
PHN1,Summer20,Mephitis mephitis,0
PHN1,Summer20,Odocoileus hemionus,0
PHN1,Summer20,Procyon lotor,3
PHN1,Summer20,Ursus americanus,0
PHN1,Fall20,Canis latrans,0
PHN1,Fall20,Didelphis virginiana,0
PHN1,Fall20,Lontra canadensis,0
PHN1,Fall20,Lynx rufus,0
PHN1,Fall20,Mephitis mephitis,0
PHN1,Fall20,Odocoileus hemionus,0
PHN1,Fall20,Procyon lotor,0
PHN1,Fall20,Ursus americanus,0
PHY1,Spring19,Canis latrans,0
PHY1,Spring19,Didelphis virginiana,0
PHY1,Spring19,Lontra canadensis,0
PHY1,Spring19,Lynx rufus,0
PHY1,Spring19,Mephitis mephitis,0
PHY1,Spring19,Odocoileus hemionus,0
PHY1,Spring19,Procyon lotor,0
PHY1,Spring19,Ursus americanus,0
PHY1,Summer19,Canis latrans,4
PHY1,Summer19,Didelphis virginiana,0
PHY1,Summer19,Lontra canadensis,0
PHY1,Summer19,Lynx rufus,0
PHY1,Summer19,Mephitis mephitis,0
PHY1,Summer19,Odocoileus hemionus,0
PHY1,Summer19,Procyon lotor,1
PHY1,Summer19,Ursus americanus,0
PHY1,Fall19,Canis latrans,0
PHY1,Fall19,Didelphis virginiana,0
PHY1,Fall19,Lontra canadensis,0
PHY1,Fall19,Lynx rufus,0
PHY1,Fall19,Mephitis mephitis,0
PHY1,Fall19,Odocoileus hemionus,0
PHY1,Fall19,Procyon lotor,0
PHY1,Fall19,Ursus americanus,0
PHY1,Winter20,Canis latrans,0
PHY1,Winter20,Didelphis virginiana,0
PHY1,Winter20,Lontra canadensis,0
PHY1,Winter20,Lynx rufus,0
PHY1,Winter20,Mephitis mephitis,0
PHY1,Winter20,Odocoileus hemionus,0
PHY1,Winter20,Procyon lotor,0
PHY1,Winter20,Ursus americanus,0
PHY1,Spring20,Canis latrans,0
PHY1,Spring20,Didelphis virginiana,0
PHY1,Spring20,Lontra canadensis,0
PHY1,Spring20,Lynx rufus,0
PHY1,Spring20,Mephitis mephitis,0
PHY1,Spring20,Odocoileus hemionus,0
PHY1,Spring20,Procyon lotor,0
PHY1,Spring20,Ursus americanus,0
PHY1,Summer20,Canis latrans,0
PHY1,Summer20,Didelphis virginiana,0
PHY1,Summer20,Lontra canadensis,0
PHY1,Summer20,Lynx rufus,0
PHY1,Summer20,Mephitis mephitis,0
PHY1,Summer20,Odocoileus hemionus,0
PHY1,Summer20,Procyon lotor,0
PHY1,Summer20,Ursus americanus,0
PHY1,Fall20,Canis latrans,7
PHY1,Fall20,Didelphis virginiana,0
PHY1,Fall20,Lontra canadensis,0
PHY1,Fall20,Lynx rufus,0
PHY1,Fall20,Mephitis mephitis,0
PHY1,Fall20,Odocoileus hemionus,0
PHY1,Fall20,Procyon lotor,22
PHY1,Fall20,Ursus americanus,0
RHF1,Spring19,Canis latrans,0
RHF1,Spring19,Didelphis virginiana,0
RHF1,Spring19,Lontra canadensis,0
RHF1,Spring19,Lynx rufus,0
RHF1,Spring19,Mephitis mephitis,0
RHF1,Spring19,Odocoileus hemionus,0
RHF1,Spring19,Procyon lotor,0
RHF1,Spring19,Ursus americanus,0
RHF1,Summer19,Canis latrans,0
RHF1,Summer19,Didelphis virginiana,0
RHF1,Summer19,Lontra canadensis,0
RHF1,Summer19,Lynx rufus,0
RHF1,Summer19,Mephitis mephitis,0
RHF1,Summer19,Odocoileus hemionus,1
RHF1,Summer19,Procyon lotor,0
RHF1,Summer19,Ursus americanus,6
RHF1,Fall19,Canis latrans,0
RHF1,Fall19,Didelphis virginiana,2
RHF1,Fall19,Lontra canadensis,0
RHF1,Fall19,Lynx rufus,1
RHF1,Fall19,Mephitis mephitis,0
RHF1,Fall19,Odocoileus hemionus,2
RHF1,Fall19,Procyon lotor,0
RHF1,Fall19,Ursus americanus,0
RHF1,Winter20,Canis latrans,0
RHF1,Winter20,Didelphis virginiana,0
RHF1,Winter20,Lontra canadensis,0
RHF1,Winter20,Lynx rufus,0
RHF1,Winter20,Mephitis mephitis,0
RHF1,Winter20,Odocoileus hemionus,3
RHF1,Winter20,Procyon lotor,0
RHF1,Winter20,Ursus americanus,0
RHF1,Summer20,Canis latrans,9
RHF1,Summer20,Didelphis virginiana,0
RHF1,Summer20,Lontra canadensis,0
RHF1,Summer20,Lynx rufus,0
RHF1,Summer20,Mephitis mephitis,0
RHF1,Summer20,Odocoileus hemionus,0
RHF1,Summer20,Procyon lotor,0
RHF1,Summer20,Ursus americanus,0
RHF1,Fall20,Canis latrans,7
RHF1,Fall20,Didelphis virginiana,0
RHF1,Fall20,Lontra canadensis,0
RHF1,Fall20,Lynx rufus,0
RHF1,Fall20,Mephitis mephitis,0
RHF1,Fall20,Odocoileus hemionus,0
RHF1,Fall20,Procyon lotor,1
RHF1,Fall20,Ursus americanus,0
RVP1,Spring19,Canis latrans,1
RVP1,Spring19,Didelphis virginiana,0
RVP1,Spring19,Lontra canadensis,0
RVP1,Spring19,Lynx rufus,0
RVP1,Spring19,Mephitis mephitis,0
RVP1,Spring19,Odocoileus hemionus,0
RVP1,Spring19,Procyon lotor,19
RVP1,Spring19,Ursus americanus,0
RVP1,Summer19,Canis latrans,9
RVP1,Summer19,Didelphis virginiana,0
RVP1,Summer19,Lontra canadensis,0
RVP1,Summer19,Lynx rufus,0
RVP1,Summer19,Mephitis mephitis,0
RVP1,Summer19,Odocoileus hemionus,0
RVP1,Summer19,Procyon lotor,6
RVP1,Summer19,Ursus americanus,0
RVP1,Fall19,Canis latrans,2
RVP1,Fall19,Didelphis virginiana,0
RVP1,Fall19,Lontra canadensis,0
RVP1,Fall19,Lynx rufus,0
RVP1,Fall19,Mephitis mephitis,0
RVP1,Fall19,Odocoileus hemionus,0
RVP1,Fall19,Procyon lotor,4
RVP1,Fall19,Ursus americanus,0
RVP1,Winter20,Canis latrans,5
RVP1,Winter20,Didelphis virginiana,0
RVP1,Winter20,Lontra canadensis,0
RVP1,Winter20,Lynx rufus,0
RVP1,Winter20,Mephitis mephitis,0
RVP1,Winter20,Odocoileus hemionus,0
RVP1,Winter20,Procyon lotor,7
RVP1,Winter20,Ursus americanus,0
RVP1,Spring20,Canis latrans,0
RVP1,Spring20,Didelphis virginiana,0
RVP1,Spring20,Lontra canadensis,0
RVP1,Spring20,Lynx rufus,0
RVP1,Spring20,Mephitis mephitis,0
RVP1,Spring20,Odocoileus hemionus,0
RVP1,Spring20,Procyon lotor,0
RVP1,Spring20,Ursus americanus,0
RVP1,Summer20,Canis latrans,0
RVP1,Summer20,Didelphis virginiana,0
RVP1,Summer20,Lontra canadensis,0
RVP1,Summer20,Lynx rufus,0
RVP1,Summer20,Mephitis mephitis,0
RVP1,Summer20,Odocoileus hemionus,0
RVP1,Summer20,Procyon lotor,15
RVP1,Summer20,Ursus americanus,0
RVP1,Fall20,Canis latrans,24
RVP1,Fall20,Didelphis virginiana,0
RVP1,Fall20,Lontra canadensis,0
RVP1,Fall20,Lynx rufus,0
RVP1,Fall20,Mephitis mephitis,0
RVP1,Fall20,Odocoileus hemionus,0
RVP1,Fall20,Procyon lotor,23
RVP1,Fall20,Ursus americanus,0
RWP1,Spring19,Canis latrans,1
RWP1,Spring19,Didelphis virginiana,1
RWP1,Spring19,Lontra canadensis,0
RWP1,Spring19,Lynx rufus,0
RWP1,Spring19,Mephitis mephitis,0
RWP1,Spring19,Odocoileus hemionus,20
RWP1,Spring19,Procyon lotor,1
RWP1,Spring19,Ursus americanus,0
RWP1,Summer19,Canis latrans,0
RWP1,Summer19,Didelphis virginiana,0
RWP1,Summer19,Lontra canadensis,0
RWP1,Summer19,Lynx rufus,0
RWP1,Summer19,Mephitis mephitis,0
RWP1,Summer19,Odocoileus hemionus,14
RWP1,Summer19,Procyon lotor,0
RWP1,Summer19,Ursus americanus,3
RWP1,Fall19,Canis latrans,0
RWP1,Fall19,Didelphis virginiana,5
RWP1,Fall19,Lontra canadensis,0
RWP1,Fall19,Lynx rufus,1
RWP1,Fall19,Mephitis mephitis,0
RWP1,Fall19,Odocoileus hemionus,32
RWP1,Fall19,Procyon lotor,0
RWP1,Fall19,Ursus americanus,1
RWP1,Winter20,Canis latrans,0
RWP1,Winter20,Didelphis virginiana,8
RWP1,Winter20,Lontra canadensis,0
RWP1,Winter20,Lynx rufus,0
RWP1,Winter20,Mephitis mephitis,0
RWP1,Winter20,Odocoileus hemionus,8
RWP1,Winter20,Procyon lotor,0
RWP1,Winter20,Ursus americanus,0
RWP1,Spring20,Canis latrans,2
RWP1,Spring20,Didelphis virginiana,4
RWP1,Spring20,Lontra canadensis,0
RWP1,Spring20,Lynx rufus,0
RWP1,Spring20,Mephitis mephitis,0
RWP1,Spring20,Odocoileus hemionus,12
RWP1,Spring20,Procyon lotor,0
RWP1,Spring20,Ursus americanus,0
RWP1,Summer20,Canis latrans,0
RWP1,Summer20,Didelphis virginiana,0
RWP1,Summer20,Lontra canadensis,0
RWP1,Summer20,Lynx rufus,0
RWP1,Summer20,Mephitis mephitis,0
RWP1,Summer20,Odocoileus hemionus,17
RWP1,Summer20,Procyon lotor,0
RWP1,Summer20,Ursus americanus,0
RWP1,Fall20,Canis latrans,1
RWP1,Fall20,Didelphis virginiana,2
RWP1,Fall20,Lontra canadensis,0
RWP1,Fall20,Lynx rufus,0
RWP1,Fall20,Mephitis mephitis,0
RWP1,Fall20,Odocoileus hemionus,22
RWP1,Fall20,Procyon lotor,0
RWP1,Fall20,Ursus americanus,0
SVP1,Spring19,Canis latrans,0
SVP1,Spring19,Didelphis virginiana,0
SVP1,Spring19,Lontra canadensis,0
SVP1,Spring19,Lynx rufus,0
SVP1,Spring19,Mephitis mephitis,0
SVP1,Spring19,Odocoileus hemionus,0
SVP1,Spring19,Procyon lotor,0
SVP1,Spring19,Ursus americanus,0
SVP1,Summer19,Canis latrans,0
SVP1,Summer19,Didelphis virginiana,0
SVP1,Summer19,Lontra canadensis,0
SVP1,Summer19,Lynx rufus,0
SVP1,Summer19,Mephitis mephitis,0
SVP1,Summer19,Odocoileus hemionus,0
SVP1,Summer19,Procyon lotor,0
SVP1,Summer19,Ursus americanus,0
SVP1,Fall19,Canis latrans,6
SVP1,Fall19,Didelphis virginiana,0
SVP1,Fall19,Lontra canadensis,0
SVP1,Fall19,Lynx rufus,0
SVP1,Fall19,Mephitis mephitis,0
SVP1,Fall19,Odocoileus hemionus,0
SVP1,Fall19,Procyon lotor,0
SVP1,Fall19,Ursus americanus,0
SVP1,Winter20,Canis latrans,1
SVP1,Winter20,Didelphis virginiana,0
SVP1,Winter20,Lontra canadensis,0
SVP1,Winter20,Lynx rufus,0
SVP1,Winter20,Mephitis mephitis,0
SVP1,Winter20,Odocoileus hemionus,0
SVP1,Winter20,Procyon lotor,0
SVP1,Winter20,Ursus americanus,0
SVP1,Summer20,Canis latrans,2
SVP1,Summer20,Didelphis virginiana,0
SVP1,Summer20,Lontra canadensis,0
SVP1,Summer20,Lynx rufus,0
SVP1,Summer20,Mephitis mephitis,0
SVP1,Summer20,Odocoileus hemionus,0
SVP1,Summer20,Procyon lotor,0
SVP1,Summer20,Ursus americanus,0
SVP1,Fall20,Canis latrans,1
SVP1,Fall20,Didelphis virginiana,0
SVP1,Fall20,Lontra canadensis,0
SVP1,Fall20,Lynx rufus,0
SVP1,Fall20,Mephitis mephitis,0
SVP1,Fall20,Odocoileus hemionus,1
SVP1,Fall20,Procyon lotor,0
SVP1,Fall20,Ursus americanus,0
SWD1,Spring19,Canis latrans,1
SWD1,Spring19,Didelphis virginiana,0
SWD1,Spring19,Lontra canadensis,0
SWD1,Spring19,Lynx rufus,0
SWD1,Spring19,Mephitis mephitis,0
SWD1,Spring19,Odocoileus hemionus,2
SWD1,Spring19,Procyon lotor,0
SWD1,Spring19,Ursus americanus,0
SWD1,Summer19,Canis latrans,3
SWD1,Summer19,Didelphis virginiana,0
SWD1,Summer19,Lontra canadensis,0
SWD1,Summer19,Lynx rufus,0
SWD1,Summer19,Mephitis mephitis,0
SWD1,Summer19,Odocoileus hemionus,2
SWD1,Summer19,Procyon lotor,0
SWD1,Summer19,Ursus americanus,0
SWD1,Fall19,Canis latrans,4
SWD1,Fall19,Didelphis virginiana,3
SWD1,Fall19,Lontra canadensis,0
SWD1,Fall19,Lynx rufus,0
SWD1,Fall19,Mephitis mephitis,0
SWD1,Fall19,Odocoileus hemionus,2
SWD1,Fall19,Procyon lotor,0
SWD1,Fall19,Ursus americanus,0
SWD1,Winter20,Canis latrans,11
SWD1,Winter20,Didelphis virginiana,0
SWD1,Winter20,Lontra canadensis,0
SWD1,Winter20,Lynx rufus,1
SWD1,Winter20,Mephitis mephitis,0
SWD1,Winter20,Odocoileus hemionus,0
SWD1,Winter20,Procyon lotor,0
SWD1,Winter20,Ursus americanus,0
SWD1,Summer20,Canis latrans,2
SWD1,Summer20,Didelphis virginiana,0
SWD1,Summer20,Lontra canadensis,0
SWD1,Summer20,Lynx rufus,0
SWD1,Summer20,Mephitis mephitis,0
SWD1,Summer20,Odocoileus hemionus,4
SWD1,Summer20,Procyon lotor,0
SWD1,Summer20,Ursus americanus,0
SWD1,Fall20,Canis latrans,4
SWD1,Fall20,Didelphis virginiana,0
SWD1,Fall20,Lontra canadensis,0
SWD1,Fall20,Lynx rufus,0
SWD1,Fall20,Mephitis mephitis,0
SWD1,Fall20,Odocoileus hemionus,2
SWD1,Fall20,Procyon lotor,0
SWD1,Fall20,Ursus americanus,0
TCC1,Spring19,Canis latrans,37
TCC1,Spring19,Didelphis virginiana,0
TCC1,Spring19,Lontra canadensis,0
TCC1,Spring19,Lynx rufus,0
TCC1,Spring19,Mephitis mephitis,0
TCC1,Spring19,Odocoileus hemionus,0
TCC1,Spring19,Procyon lotor,14
TCC1,Spring19,Ursus americanus,0
TCC1,Summer19,Canis latrans,0
TCC1,Summer19,Didelphis virginiana,0
TCC1,Summer19,Lontra canadensis,0
TCC1,Summer19,Lynx rufus,0
TCC1,Summer19,Mephitis mephitis,0
TCC1,Summer19,Odocoileus hemionus,0
TCC1,Summer19,Procyon lotor,0
TCC1,Summer19,Ursus americanus,0
TCC1,Fall19,Canis latrans,3
TCC1,Fall19,Didelphis virginiana,0
TCC1,Fall19,Lontra canadensis,0
TCC1,Fall19,Lynx rufus,0
TCC1,Fall19,Mephitis mephitis,0
TCC1,Fall19,Odocoileus hemionus,0
TCC1,Fall19,Procyon lotor,0
TCC1,Fall19,Ursus americanus,0
TCC1,Winter20,Canis latrans,0
TCC1,Winter20,Didelphis virginiana,0
TCC1,Winter20,Lontra canadensis,0
TCC1,Winter20,Lynx rufus,0
TCC1,Winter20,Mephitis mephitis,0
TCC1,Winter20,Odocoileus hemionus,0
TCC1,Winter20,Procyon lotor,6
TCC1,Winter20,Ursus americanus,0
TCC1,Fall20,Canis latrans,0
TCC1,Fall20,Didelphis virginiana,0
TCC1,Fall20,Lontra canadensis,0
TCC1,Fall20,Lynx rufus,0
TCC1,Fall20,Mephitis mephitis,0
TCC1,Fall20,Odocoileus hemionus,0
TCC1,Fall20,Procyon lotor,0
TCC1,Fall20,Ursus americanus,0
TMF1,Spring19,Canis latrans,0
TMF1,Spring19,Didelphis virginiana,0
TMF1,Spring19,Lontra canadensis,0
TMF1,Spring19,Lynx rufus,0
TMF1,Spring19,Mephitis mephitis,0
TMF1,Spring19,Odocoileus hemionus,1
TMF1,Spring19,Procyon lotor,0
TMF1,Spring19,Ursus americanus,0
TMF1,Summer19,Canis latrans,0
TMF1,Summer19,Didelphis virginiana,0
TMF1,Summer19,Lontra canadensis,0
TMF1,Summer19,Lynx rufus,0
TMF1,Summer19,Mephitis mephitis,0
TMF1,Summer19,Odocoileus hemionus,6
TMF1,Summer19,Procyon lotor,0
TMF1,Summer19,Ursus americanus,0
TMF1,Fall19,Canis latrans,0
TMF1,Fall19,Didelphis virginiana,0
TMF1,Fall19,Lontra canadensis,0
TMF1,Fall19,Lynx rufus,1
TMF1,Fall19,Mephitis mephitis,0
TMF1,Fall19,Odocoileus hemionus,2
TMF1,Fall19,Procyon lotor,0
TMF1,Fall19,Ursus americanus,0
TMF1,Winter20,Canis latrans,0
TMF1,Winter20,Didelphis virginiana,0
TMF1,Winter20,Lontra canadensis,0
TMF1,Winter20,Lynx rufus,0
TMF1,Winter20,Mephitis mephitis,0
TMF1,Winter20,Odocoileus hemionus,0
TMF1,Winter20,Procyon lotor,0
TMF1,Winter20,Ursus americanus,0
TMF1,Summer20,Canis latrans,8
TMF1,Summer20,Didelphis virginiana,0
TMF1,Summer20,Lontra canadensis,0
TMF1,Summer20,Lynx rufus,0
TMF1,Summer20,Mephitis mephitis,0
TMF1,Summer20,Odocoileus hemionus,2
TMF1,Summer20,Procyon lotor,0
TMF1,Summer20,Ursus americanus,0
TMF1,Fall20,Canis latrans,2
TMF1,Fall20,Didelphis virginiana,0
TMF1,Fall20,Lontra canadensis,0
TMF1,Fall20,Lynx rufus,0
TMF1,Fall20,Mephitis mephitis,0
TMF1,Fall20,Odocoileus hemionus,0
TMF1,Fall20,Procyon lotor,0
TMF1,Fall20,Ursus americanus,0
TMP1,Spring19,Canis latrans,0
TMP1,Spring19,Didelphis virginiana,0
TMP1,Spring19,Lontra canadensis,0
TMP1,Spring19,Lynx rufus,0
TMP1,Spring19,Mephitis mephitis,0
TMP1,Spring19,Odocoileus hemionus,0
TMP1,Spring19,Procyon lotor,0
TMP1,Spring19,Ursus americanus,0
TMP1,Fall19,Canis latrans,0
TMP1,Fall19,Didelphis virginiana,0
TMP1,Fall19,Lontra canadensis,0
TMP1,Fall19,Lynx rufus,0
TMP1,Fall19,Mephitis mephitis,0
TMP1,Fall19,Odocoileus hemionus,0
TMP1,Fall19,Procyon lotor,64
TMP1,Fall19,Ursus americanus,0
TMP1,Winter20,Canis latrans,0
TMP1,Winter20,Didelphis virginiana,0
TMP1,Winter20,Lontra canadensis,0
TMP1,Winter20,Lynx rufus,0
TMP1,Winter20,Mephitis mephitis,0
TMP1,Winter20,Odocoileus hemionus,0
TMP1,Winter20,Procyon lotor,3
TMP1,Winter20,Ursus americanus,0
TMP1,Summer20,Canis latrans,0
TMP1,Summer20,Didelphis virginiana,0
TMP1,Summer20,Lontra canadensis,0
TMP1,Summer20,Lynx rufus,0
TMP1,Summer20,Mephitis mephitis,0
TMP1,Summer20,Odocoileus hemionus,0
TMP1,Summer20,Procyon lotor,0
TMP1,Summer20,Ursus americanus,0
TMP1,Fall20,Canis latrans,0
TMP1,Fall20,Didelphis virginiana,0
TMP1,Fall20,Lontra canadensis,0
TMP1,Fall20,Lynx rufus,0
TMP1,Fall20,Mephitis mephitis,0
TMP1,Fall20,Odocoileus hemionus,0
TMP1,Fall20,Procyon lotor,0
TMP1,Fall20,Ursus americanus,0
TRN1,Spring19,Canis latrans,0
TRN1,Spring19,Didelphis virginiana,0
TRN1,Spring19,Lontra canadensis,0
TRN1,Spring19,Lynx rufus,0
TRN1,Spring19,Mephitis mephitis,0
TRN1,Spring19,Odocoileus hemionus,3
TRN1,Spring19,Procyon lotor,0
TRN1,Spring19,Ursus americanus,0
TRN1,Summer19,Canis latrans,1
TRN1,Summer19,Didelphis virginiana,0
TRN1,Summer19,Lontra canadensis,0
TRN1,Summer19,Lynx rufus,0
TRN1,Summer19,Mephitis mephitis,0
TRN1,Summer19,Odocoileus hemionus,2
TRN1,Summer19,Procyon lotor,0
TRN1,Summer19,Ursus americanus,0
TRN1,Fall19,Canis latrans,0
TRN1,Fall19,Didelphis virginiana,2
TRN1,Fall19,Lontra canadensis,0
TRN1,Fall19,Lynx rufus,0
TRN1,Fall19,Mephitis mephitis,0
TRN1,Fall19,Odocoileus hemionus,10
TRN1,Fall19,Procyon lotor,0
TRN1,Fall19,Ursus americanus,0
WCP2,Fall19,Canis latrans,0
WCP2,Fall19,Didelphis virginiana,0
WCP2,Fall19,Lontra canadensis,0
WCP2,Fall19,Lynx rufus,0
WCP2,Fall19,Mephitis mephitis,0
WCP2,Fall19,Odocoileus hemionus,0
WCP2,Fall19,Procyon lotor,0
WCP2,Fall19,Ursus americanus,0
WCP2,Winter20,Canis latrans,0
WCP2,Winter20,Didelphis virginiana,0
WCP2,Winter20,Lontra canadensis,0
WCP2,Winter20,Lynx rufus,0
WCP2,Winter20,Mephitis mephitis,0
WCP2,Winter20,Odocoileus hemionus,0
WCP2,Winter20,Procyon lotor,0
WCP2,Winter20,Ursus americanus,0
WCP2,Spring20,Canis latrans,0
WCP2,Spring20,Didelphis virginiana,0
WCP2,Spring20,Lontra canadensis,0
WCP2,Spring20,Lynx rufus,0
WCP2,Spring20,Mephitis mephitis,0
WCP2,Spring20,Odocoileus hemionus,0
WCP2,Spring20,Procyon lotor,1
WCP2,Spring20,Ursus americanus,0
WCP2,Summer20,Canis latrans,0
WCP2,Summer20,Didelphis virginiana,0
WCP2,Summer20,Lontra canadensis,0
WCP2,Summer20,Lynx rufus,0
WCP2,Summer20,Mephitis mephitis,0
WCP2,Summer20,Odocoileus hemionus,0
WCP2,Summer20,Procyon lotor,0
WCP2,Summer20,Ursus americanus,0
WCP2,Fall20,Canis latrans,0
WCP2,Fall20,Didelphis virginiana,0
WCP2,Fall20,Lontra canadensis,0
WCP2,Fall20,Lynx rufus,0
WCP2,Fall20,Mephitis mephitis,0
WCP2,Fall20,Odocoileus hemionus,0
WCP2,Fall20,Procyon lotor,0
WCP2,Fall20,Ursus americanus,0
WDG1,Summer19,Canis latrans,0
WDG1,Summer19,Didelphis virginiana,0
WDG1,Summer19,Lontra canadensis,0
WDG1,Summer19,Lynx rufus,0
WDG1,Summer19,Mephitis mephitis,0
WDG1,Summer19,Odocoileus hemionus,0
WDG1,Summer19,Procyon lotor,3
WDG1,Summer19,Ursus americanus,0
WDG1,Fall19,Canis latrans,0
WDG1,Fall19,Didelphis virginiana,0
WDG1,Fall19,Lontra canadensis,0
WDG1,Fall19,Lynx rufus,0
WDG1,Fall19,Mephitis mephitis,0
WDG1,Fall19,Odocoileus hemionus,0
WDG1,Fall19,Procyon lotor,0
WDG1,Fall19,Ursus americanus,0
WDG1,Winter20,Canis latrans,0
WDG1,Winter20,Didelphis virginiana,0
WDG1,Winter20,Lontra canadensis,0
WDG1,Winter20,Lynx rufus,0
WDG1,Winter20,Mephitis mephitis,0
WDG1,Winter20,Odocoileus hemionus,0
WDG1,Winter20,Procyon lotor,0
WDG1,Winter20,Ursus americanus,0
WDG1,Spring20,Canis latrans,0
WDG1,Spring20,Didelphis virginiana,1
WDG1,Spring20,Lontra canadensis,0
WDG1,Spring20,Lynx rufus,0
WDG1,Spring20,Mephitis mephitis,0
WDG1,Spring20,Odocoileus hemionus,0
WDG1,Spring20,Procyon lotor,0
WDG1,Spring20,Ursus americanus,0
WDG1,Summer20,Canis latrans,0
WDG1,Summer20,Didelphis virginiana,0
WDG1,Summer20,Lontra canadensis,0
WDG1,Summer20,Lynx rufus,0
WDG1,Summer20,Mephitis mephitis,0
WDG1,Summer20,Odocoileus hemionus,0
WDG1,Summer20,Procyon lotor,0
WDG1,Summer20,Ursus americanus,0
WDG1,Fall20,Canis latrans,0
WDG1,Fall20,Didelphis virginiana,0
WDG1,Fall20,Lontra canadensis,0
WDG1,Fall20,Lynx rufus,0
WDG1,Fall20,Mephitis mephitis,0
WDG1,Fall20,Odocoileus hemionus,0
WDG1,Fall20,Procyon lotor,0
WDG1,Fall20,Ursus americanus,0
