Sample ID,Collected by,Species,Date,Month,Site,City,Latitude,Longitude,% Certain,Freshness,Weather,Condition,Notes,Anal jelly? (for otter),Lab Name,Lab Notes,,,,,,,,,,,,,,,,,,,
UCP001,YH,River otter,1/6/22,1,WPA,Seattle,47.64598,-122.29378,100,,,,formerly ott 001-005,,,,,,,,,,,,,,,,,,,,,,
UCP002,YH,River otter,1/6/22,1,WPA,Seattle,47.64598,-122.29378,100,,,,,,,,,,,,,,,,,,,,,,,,,,
UCP003,YH,River otter,1/6/22,1,WPA,Seattle,47.64598,-122.29378,100,,,,,,,,,,,,,,,,,,,,,,,,,,
UCP004,YH,River otter,1/6/22,1,WPA,Seattle,47.64598,-122.29378,100,,,,,,,,,,,,,,,,,,,,,,,,,,
UCP005,YH,River otter,1/6/22,1,WPA,Seattle,47.64598,-122.29378,100,,,,,,,,,,,,,,,,,,,,,,,,,,
UCP006,YH,River otter,1/27/22,1,FGL,Tukwila,47.47996,-122.25658,100,,,,formerly YH-001-ott,,,,,,,,,,,,,,,,,,,,,,
UCP007,YH,River otter,1/27/22,1,CWG,Kent,47.38808,-122.27296,100,,,,formerly YH-003-ott,,,,,,,,,,,,,,,,,,,,,,
UCP008,YH,Coyote,1/27/22,1,CWG,Kent,47.38853,-122.27325,70,,,,formerly YH-004-coy,,STL285,,,,,,,,,,,,,,,,,,,,
UCP009,YH,River otter,1/27/22,1,CWG,Kent,47.38853,-122.27325,70,,,,formerly YH-002-ott,,,,,,,,,,,,,,,,,,,,,,
UCP010,YH,Coyote,1/27/22,1,CWG,Kent,47.38821,-122.27284,100,,,,formerly YH-005-coy,,STL001,,,,,,,,,,,,,,,,,,,,
UCP011,YH,Unknown,1/27/22,1,CWG,Kent,47.38808,-122.27296,100,,,,formerly YH-001-unk - might be some sort of anal jelly? subset of a very large glob,,,,,,,,,,,,,,,,,,,,,,
UCP012,YH,Coyote,1/11/22,1,LBP,Mercer Island,47.59217,-122.22727,100,,,,formerly YH-002-coy,,STL002,,,,,,,,,,,,,,,,,,,,
UCP013,YH,Coyote,1/11/22,1,LBP,Mercer Island,47.59212,-122.22720,100,,,,formerly YH-001-COY,,STL003,,,,,,,,,,,,,,,,,,,,
UCP014,YH,Coyote,1/11/22,1,LBP,Mercer Island,47.59143,-122.22840,100,,,,formerly YH-003-coy,,STL004,,,,,,,,,,,,,,,,,,,,
UCP015,YH,Coyote,2/11/22,2,JBP,Kirkland,47.69682,-122.21199,70,,,,,,STL005,,,,,,,,,,,,,,,,,,,,
UCP016,YH,Coyote,2/11/22,2,JBP,Kirkland,47.69644,-122.21270,100,,,,,,STL006,,,,,,,,,,,,,,,,,,,,
UCP017,YH,River otter,2/24/22,2,WPA,Seattle,47.64592,-122.29356,100,,,,,,,,,,,,,,,,,,,,,,,,,,
UCP018,YH,RIver otter,2/24/22,2,WPA,Seattle,47.64620,-122.29434,100,,,,,,,,,,,,,,,,,,,,,,,,,,
UCP019,YH,River otter,2/24/22,2,WPA,Seattle,47.64620,-122.29434,100,,,,,,,,,,,,,,,,,,,,,,,,,,
UCP020,YH,River otter,2/24/22,2,WPA,Seattle,47.64620,-122.29434,100,,,,,,,,,,,,,,,,,,,,,,,,,,
UCP021,YH,River otter,2/24/22,2,WPA,Seattle,47.64609,-122.29411,100,,,,,,,,,,,,,,,,,,,,,,,,,,
UCP022,EM,Coyote,4/28/22,4,KBG,Shoreline,47.77629,-122.37568,100,A,,,,,STL287,,,,,,,,,,,,,,,,,,,,
UCP023,EM,Coyote,4/8/22,4,KBG,Shoreline,47.77648,-122.37619,100,A,,,,,STL288,,,,,,,,,,,,,,,,,,,,
UCP026,YH,River otter,2/24/22,2,WPA,Seattle,47.64600,-122.29379,100,,,,,,,,,,,,,,,,,,,,,,,,,,
UCP027,YH,River otter,2/24/22,2,WPA,Seattle,47.64600,-122.29379,100,,,,,,,,,,,,,,,,,,,,,,,,,,
UCP028,YH,River otter,2/24/22,2,WPA,Seattle,47.64600,-122.29379,100,,,,,,,,,,,,,,,,,,,,,,,,,,
UCP029,YH,River otter,2/24/22,2,WPA,Seattle,47.64600,-122.29379,100,,,,,,,,,,,,,,,,,,,,,,,,,,
UCP030,YH,Coyote,2/24/22,2,WPA,Seattle,47.64173,-122.29259,100,,,,,,STL289,,,,,,,,,,,,,,,,,,,,
UCP032,YH,Coyote,3/4/22,3,MAG,Seattle,47.67517,-122.25321,100,,,,,,STL007,,,,,,,,,,,,,,,,,,,,
UCP034,YH,Coyote,3/9/22,3,BSW,Seattle,47.65259,122.31757,70,C,,,"Coyote?? Found near otter latrine, right outside marina",,STL290,,,,,,,,,,,,,,,,,,,,
UCP035,YH,River otter,4/6/22,4,WPA,Seattle,47.64609,-122.29411,100,C,,,,,,,,,,,,,,,,,,,,,,,,,
UCP036,YH,River otter,4/4/22,4,MBB,Seattle,47.58021,-122.28404,100,C,,,,,,,,,,,,,,,,,,,,,,,,,
UCP037,YH,River otter,4/6/22,4,BSW,Seattle,47.65259,-122.31757,100,B,,,,,,,,,,,,,,,,,,,,,,,,,
UCP038,YH,River otter,3/16/22,3,MBB,Seattle,47.58020,-122.28406,100,,,,,,,,,,,,,,,,,,,,,,,,,,
UCP039,YH,River otter,3/16/22,3,MBB,Seattle,47.58019,-122.28406,100,,,,,,,,,,,,,,,,,,,,,,,,,,
UCP040,YH,River otter,3/16/22,3,MBB,Seattle,47.58020,-122.28406,100,,,,,,,,,,,,,,,,,,,,,,,,,,
UCP041,YH,River otter,3/16/22,3,MBB,Seattle,47.58021,-122.28402,100,,,,,,,,,,,,,,,,,,,,,,,,,,
UCP043,YH,River otter,4/6/22,4,WPA,Seattle,47.64609,-122.29411,100,C,,,,,,,,,,,,,,,,,,,,,,,,,
UCP044,YH,River otter,4/6/22,4,BSW,Seattle,47.65249,-122.31758,100,A,,,,,,,,,,,,,,,,,,,,,,,,,
UCP045,YH,River otter,4/6/22,4,BSW,Seattle,47.65247,-122.31758,100,A,,,,,,,,,,,,,,,,,,,,,,,,,
UCP046,EL,River otter,4/6/22,4,WPA,Seattle,47.64607,-122.29401,100,C,,,,,,,,,,,,,,,,,,,,,,,,,
UCP047,YH,River otter,4/4/22,4,CRT,Renton,47.49942,-122.21502,100,B,,,,,STL291,,,,,,,,,,,,,,,,,,,,
UCP048,YH,River otter,4/4/22,4,MBB,Seattle,47.58022,-122.28406,100,B,,,,,,,,,,,,,,,,,,,,,,,,,
UCP049,YH,RIver otter,3/29/22,3,WNP,Hunts Point,47.64027,-122.22440,100,A,,,,,,,,,,,,,,,,,,,,,,,,,
UCP050,YH,River otter,4/4/22,4,LBP,Mercer Island,47.59292,-122.22504,80,C,,,,,,,,,,,,,,,,,,,,,,,,,
UCP051,YH,River otter,4/4/22,4,LBP,Mercer Island,47.59287,-122.22504,100,C,,,,,,,,,,,,,,,,,,,,,,,,,
UCP052,YH,Coyote,4/4/22,4,LBP,Mercer Island,47.59194,-122.22841,100,B,,,,,STL008,,,,,,,,,,,,,,,,,,,,
UCP053,,,,,,,,,,,,,Does this sample exist,,,,,,,,,,,,,,,,,,,,,,
UCP054,YH,River otter,4/4/22,4,LBP,Mercer Island,47.59291,-122.22506,100,,,,,,,,,,,,,,,,,,,,,,,,,,
UCP055,YH,Coyote,3/15/22,3,UNB,Seattle,47.65459,-122.29203,100,,,,,,STL009,,,,,,,,,,,,,,,,,,,,
UCP056,YH,RIver otter,3/16/22,3,MBB,Seattle,47.58025,-122.28403,100,,,,,,,,,,,,,,,,,,,,,,,,,,
UCP057,YH,Coyote,3/29/22,3,WNP,Hunts Point,47.64054,-122.22331,100,C,,smushed,,,STL010,,,,,,,,,,,,,,,,,,,,
UCP058,YH,River otter,4/4/22,4,LBP,Mercer Island,47.59291,-122.22504,100,C,,,,,,,,,,,,,,,,,,,,,,,,,
UCP059,YH,River otter,3/29/22,3,WNP,Hunts Point,47.64026,-122.22445,100,C,,,,,,,,,,,,,,,,,,,,,,,,,
UCP070,YH,River otter,4/14/2022,4,FGL,Tukwila,47.47883,-122.259193,,,,,,,,,,,,,,,,,,,,,,,,,,,
UCP071,YH,River otter,4/14/2022,4,FGL,Tukwila,47.47984,-122.256546,,,,,,,,,,,,,,,,,,,,,,,,,,,
UCP072,YH,River otter,4/14/2022,4,FGL,Tukwila,47.47984,-122.256550,,,,,,,,,,,,,,,,,,,,,,,,,,,
UCP073,YH,River otter,4/14/22,4,LWM,Seattle,47.56339,-122.26593,100,C,,super old,,,,,,,,,,,,,,,,,,,,,,,
UCP074,YH,River otter,4/14/22,4,LWM,Seattle,47.56339,-122.26593,100,C,,,,,,,,,,,,,,,,,,,,,,,,,
UCP075,YH,River otter,4/14/22,4,LWM,Seattle,47.56339,-122.26593,100,C,,super old,,,,,,,,,,,,,,,,,,,,,,,
UCP076,YH,River otter,4/14/2022,4,LWM,Seattle,47.5633358,-122.2658955,,A,,,,,,,,,,,,,,,,,,,,,,,,,
UCP077,YH,River otter,4/14/2022,4,LWM,Seattle,47.5633358,-122.2658955,,C,,,,,,,,,,,,,,,,,,,,,,,,,
UCP078,YH,River otter,4/14/2022,4,LWM,Seattle,47.5633358,-122.2658955,,C,,,,,,,,,,,,,,,,,,,,,,,,,
UCP079,YH,River otter,4/14/2022,4,LWM,Seattle,47.5633358,-122.2658955,,C,,,,,,,,,,,,,,,,,,,,,,,,,
UCP080,YH,River otter,4/14/2022,4,LWM,Seattle,47.5633358,-122.2658955,,C,,,,,,,,,,,,,,,,,,,,,,,,,
UCP081,YH,River otter,4/14/2022,4,LWM,Seattle,47.5633358,-122.2658955,,C,,,,,,,,,,,,,,,,,,,,,,,,,
UCP082,YH,River otter,4/14/22,4,LWM,Seattle,47.56339,-122.26593,100,C,,super old,,,,,,,,,,,,,,,,,,,,,,,
UCP082,YH,River otter,4/14/2022,4,LWM,Seattle,47.5633358,-122.2658955,,C,,,,,,,,,,,,,,,,,,,,,,,,,
UCP083,YH,River otter,4/14/22,4,LWM,Seattle,47.56339,-122.26593,100,C,,super old,,,,,,,,,,,,,,,,,,,,,,,
UCP084,YH,River otter,4/14/22,4,LWM,Seattle,47.56339,-122.26593,100,C,,super old,,,,,,,,,,,,,,,,,,,,,,,
UCP085,YH,River otter,4/14/22,4,LWM,Seattle,47.56339,-122.26593,100,C,,super old,,,,,,,,,,,,,,,,,,,,,,,
UCP086,YH,River otter,4/14/22,4,LWM,Seattle,47.56339,-122.26593,100,C,,super old,,,,,,,,,,,,,,,,,,,,,,,
UCP087,YH,River otter,4/14/22,4,LWM,Seattle,47.56339,-122.26593,100,C,,super old,,,,,,,,,,,,,,,,,,,,,,,
UCP088,YH,River otter,4/14/22,4,LWM,Seattle,47.56339,-122.26593,100,C,,super old,,,,,,,,,,,,,,,,,,,,,,,
UCP089,YH,River otter,4/14/22,4,LWM,Seattle,47.56339,-122.26593,100,,C,,,,,,,,,,,,,,,,,,,,,,,,
UCP090,SK,River otter,4/13/22,4,LWM,Seattle,47.56339,-122.26593,100,C,,super old,,,,,,,,,,,,,,,,,,,,,,,
UCP091,SK,River otter,4/13/22,4,MBB,Seattle,47.58025,-122.28403,100,C,C,,,,,,,,,,,,,,,,,,,,,,,,
UCP092,YH,River otter,4/14/22,4,LSM,Seattle,47.60105,-122.28529,100,C,,,,,,,,,,,,,,,,,,,,,,,,,
UCP093,YH,River otter,4/14/22,4,LNM,Seattle,47.60452,-122.28271,100,C,,,,,,,,,,,,,,,,,,,,,,,,,
UCP094,YH,River otter,4/14/22,4,LNM,Seattle,47.60462,-122.28269,100,C,,,,,,,,,,,,,,,,,,,,,,,,,
UCP095,YH,River otter,4/14/22,4,LNM,Seattle,47.60462,-122.28269,100,C,,,,,,,,,,,,,,,,,,,,,,,,,
UCP096,YH,River otter,4/14/22,4,LNM,Seattle,47.60462,-122.28269,100,C,,,,,,,,,,,,,,,,,,,,,,,,,
UCP097,YH,River otter,4/14/22,4,LNM,Seattle,47.60462,-122.28269,100,C,,,,,,,,,,,,,,,,,,,,,,,,,
UCP098,YH,River otter,4/14/22,4,LNM,Seattle,47.60462,-122.28269,100,C,,,,,,,,,,,,,,,,,,,,,,,,,
UCP099,YH,River otter,4/14/22,4,LNM,Seattle,47.60462,-122.28269,100,C,,,,,,,,,,,,,,,,,,,,,,,,,
UCP100,YH,River otter,4/14/22,4,LNM,Seattle,47.60462,-122.28269,100,C,,,,,,,,,,,,,,,,,,,,,,,,,
UCP101,YH,River otter,4/14/22,4,LNM,Seattle,47.60462,-122.28269,100,C,,,,,,,,,,,,,,,,,,,,,,,,,
UCP102,YH,River otter,4/14/22,4,LNM,Seattle,47.60462,-122.28269,100,C,,,,,,,,,,,,,,,,,,,,,,,,,
UCP103,SK,River otter,4/14/22,4,LNM,Seattle,47.60462,-122.28269,100,C,,,,,,,,,,,,,,,,,,,,,,,,,
UCP104,SK,River otter,4/14/22,4,LNM,Seattle,47.60462,-122.28269,100,B,,,,,,,,,,,,,,,,,,,,,,,,,
UCP105,SK,River otter,4/14/22,4,LNM,Seattle,47.60462,-122.28269,100,B,,,,,,,,,,,,,,,,,,,,,,,,,
UCP106,SK,River otter,4/14/22,4,LNM,Seattle,47.60475,-122.28266,100,C,,,,,,,,,,,,,,,,,,,,,,,,,
UCP107,SK,River otter,4/14/22,4,LNM,Seattle,47.60475,-122.28266,100,C,,,,,,,,,,,,,,,,,,,,,,,,,
UCP108,SK,River otter,4/14/22,4,LNM,Seattle,47.60475,-122.28266,100,C,,,,,,,,,,,,,,,,,,,,,,,,,
UCP109,SK,River otter,4/14/22,4,LNM,Seattle,47.60475,-122.28266,100,C,,,,,,,,,,,,,,,,,,,,,,,,,
UCP110,YH,River otter,4/15/22,4,CWG,Kent,47.38857,-122.27320,100,B,,,,,,,,,,,,,,,,,,,,,,,,,
UCP110A,YH,River otter,4/14/22,4,LNM,Seattle,47.60475,-122.28266,199,A,A,,,Yes,,,,,,,,,,,,,,,,,,,,,
UCP111,YH,River otter,4/15/22,4,CWG,Kent,47.38857,-122.27320,100,C,,,,,,,,,,,,,,,,,,,,,,,,,
UCP112,YH,River otter,4/15/22,4,CWG,Kent,47.38857,-122.27320,100,C,,,,,,,,,,,,,,,,,,,,,,,,,
UCP113,YH,River otter,4/15/22,4,CWG,Kent,47.38851,-122.27329,100,C,,,,,,,,,,,,,,,,,,,,,,,,,
UCP114,SK,River otter,4/15/22,4,DSS,Seattle,47.51411,-122.30560,100,C,,,,,,,,,,,,,,,,,,,,,,,,,
UCP115,SK,River otter,4/15/22,4,DSS,Seattle,47.51411,-122.30560,100,C,,,,,,,,,,,,,,,,,,,,,,,,,
UCP116,SK,River otter,4/15/22,4,DSS,Seattle,47.51411,-122.30560,100,C,,,,,,,,,,,,,,,,,,,,,,,,,
UCP117,SK,River otter,4/15/22,4,DSS,Seattle,47.51411,-122.30560,100,A,,,"still warm, fresh out of butt",,,,,,,,,,,,,,,,,,,,,,
UCP118,SK,River otter,4/15/22,4,DSS,Seattle,47.51411,-122.30560,100,C,,,,,,,,,,,,,,,,,,,,,,,,,
UCP119,SK,River otter,4/15/22,4,DSS,Seattle,47.51411,-122.30560,100,A,,,,,,,,,,,,,,,,,,,,,,,,,
UCP120,YH,River otter,4/6/22,4,GGC,Bellevue,47.60652,-122.16222,100,A,,rained on,anal jelly,Yes,,,,,,,,,,,,,,,,,,,,,
UCP121,YH,Coyote,4/6/22,4,MEP,Medina,47.62008,-122.23119,60,,,rained on,,,STL011,,,,,,,,,,,,,,,,,,,,
UCP122,YH,Coyote,4/6/22,4,MEP,Medina,47.61921,-122.22987,60,,,,4 - doglike,,STL012,,,,,,,,,,,,,,,,,,,,
UCP123,YH,River otter,4/6/22,4,GGC,Bellevue,47.60649,-122.16217,100,,,,3,,,,,,,,,,,,,,,,,,,,,,
UCP124,YH,River otter,4/6/22,4,GGC,Bellevue,47.60651,-122.16219,100,,,,2,,,,,,,,,,,,,,,,,,,,,,
UCP125,EL,River otter,4/6/22,4,BSW,Seattle,47.65252,-122.31757,100,C,,,tiny sample,,,,,,,,,,,,,,,,,,,,,,
UCP126,EL,River otter,4/6/22,4,BSW,Seattle,47.65252,-122.31757,100,C,,,,,,,,,,,,,,,,,,,,,,,,,
UCP127,EL,River otter,4/6/22,4,BSW,Seattle,47.65252,-122.31757,100,C,,,,,,,,,,,,,,,,,,,,,,,,,
UCP128,EL,River otter,4/6/22,4,BSW,Seattle,47.65252,-122.31757,100,B,,,,,,,,,,,,,,,,,,,,,,,,,
UCP129,EL,River otter,4/6/22,4,BSW,Seattle,47.65252,-122.31757,100,C,,,very hairy,,,,,,,,,,,,,,,,,,,,,,
UCP130,YH,Coyote,4/21/2022,4,KKA,Shoreline,47.77436,-122.39263,60,A,,,,,STL013,,,,,,,,,,,,,,,,,,,,
UCP131,YH,Coyote,4/21/2022,4,KKA,Shoreline,,,100,C,,,,,STL273,,,,,,,,,,,,,,,,,,,,
UCP132,YH,Coyote,4/21/2022,4,KKA,Shoreline,47.78415,-122.38890,100,C,,very old,,,STL014,,,,,,,,,,,,,,,,,,,,
UCP133,YH,River otter,4/21/2022,4,GGP,Seattle,47.69436,-122.40418,100,B,,,,,,,,,,,,,,,,,,,,,,,,,
UCP134,YH,River otter,4/21/2022,4,GGP,Seattle,47.69436,-122.40418,100,C,,,,,,,,,,,,,,,,,,,,,,,,,
UCP135,YH,River otter,4/22/22,4,LBP,Mercer Island,47.59284,-122.22511,100,A,,,,,,,,,,,,,,,,,,,,,,,,,
UCP136,YH,River otter,4/22/22,4,LBP,Mercer Island,47.59284,-122.22511,100,A,,,,,,,,,,,,,,,,,,,,,,,,,
UCP137,YH,River otter,4/22/22,4,LBP,Mercer Island,47.59284,-122.22511,100,A,,,,,,,,,,,,,,,,,,,,,,,,,
UCP138,YH,River otter,4/22/22,4,LBP,Mercer Island,47.59284,-122.22511,100,C,,,,,,,,,,,,,,,,,,,,,,,,,
UCP139,YH,River otter,4/22/22,4,LBP,Mercer Island,47.59284,-122.22511,100,C,,,,,,,,,,,,,,,,,,,,,,,,,
UCP140,YH,River otter,4/22/22,4,LBP,Mercer Island,47.59284,-122.22511,100,C,,,,,,,,,,,,,,,,,,,,,,,,,
UCP141,YH,Raccoon,4/22/22,4,LBP,Mercer Island,47.59329,-122.22856,60,A,,,,,,,,,,,,,,,,,,,,,,,,,
UCP142,YH,River otter,4/22/22,4,LWM,Seattle,47.56326,-122.26579,100,B,,,anal jelly,Yes,,,,,,,,,,,,,,,,,,,,,
UCP143,YH,River otter,4/22/22,4,LWM,Seattle,47.56326,-122.26579,100,B,,,,,,,,,,,,,,,,,,,,,,,,,
UCP144,YH,River otter,4/22/22,4,LWM,Seattle,47.56326,-122.26579,100,B,,,,,,,,,,,,,,,,,,,,,,,,,
UCP145,YH,River otter,4/22/22,4,LWM,Seattle,47.56326,-122.26579,100,C,,,,,,,,,,,,,,,,,,,,,,,,,
UCP146,YH,River otter,4/22/22,4,LWM,Seattle,47.56326,-122.26579,100,C,,,,,,,,,,,,,,,,,,,,,,,,,
UCP147,YH,River otter,4/22/22,4,LWM,Seattle,47.56326,-122.26579,100,C,,,,,,,,,,,,,,,,,,,,,,,,,
UCP148,YH,River otter,4/22/22,4,LWM,Seattle,47.56331,-122.26586,100,A,,,,,,,,,,,,,,,,,,,,,,,,,
UCP149,YH,River otter,4/22/22,4,MBB,Seattle,47.58019,-122.28397,100,B,,,,,,,,,,,,,,,,,,,,,,,,,
UCP150,YH,River otter,4/22/22,4,LNM,Seattle,47.60445,-122.28263,100,B,,,,,,,,,,,,,,,,,,,,,,,,,
UCP151,YH,River otter,4/22/22,4,LNM,Seattle,47.60445,-122.28263,100,C,,,,,,,,,,,,,,,,,,,,,,,,,
UCP152,YH,River otter,4/22/22,4,LNM,Seattle,47.60457,-122.28265,100,A,,,,,,,,,,,,,,,,,,,,,,,,,
UCP153,YH,River otter,4/22/22,4,LNM,Seattle,47.60457,-122.28265,100,B,,,,,,,,,,,,,,,,,,,,,,,,,
UCP154,YH,River otter,4/22/22,4,LNM,Seattle,47.60457,-122.28265,100,A,,,anal jelly only,YEs,,,,,,,,,,,,,,,,,,,,,
UCP155,YH,River otter,4/22/22,4,LNM,Seattle,47.60457,-122.28265,100,C,,,,,,,,,,,,,,,,,,,,,,,,,
UCP156,YH,Coyote,4/25/22,4,,,47.62335989,-122.233102,,C,,,,,STL292,,,,,,,,,,,,,,,,,,,,
UCP157,YH,Coyote,4/25/22,4,,,47.6316,-122.23148,,C,,,,,STL293,,,,,,,,,,,,,,,,,,,,
UCP158,YH,Coyote,4/25/22,4,,,47.63165,-122.23161,,C,,,,,STL294,,,,,,,,,,,,,,,,,,,,
UCP158,YH,River otter,4/25/22,4,WNP,Hunts Point,47.64022,-122.22443,,C,,,double name but should be fine bc different spp,,,,,,,,,,,,,,,,,,,,,,
UCP159,YH,River otter,4/25/22,4,WNP,Hunts Point,47.64022,-122.22443,,C,,,,,,,,,,,,,,,,,,,,,,,,,
UCP160,SK,River otter,4/24/2022,4,DNB,Seattle,47.66255,-122.43282,100,,,,,,,,,,,,,,,,,,,,,,,,,,
UCP161,SK,River otter,4/24/2022,4,DNB,Seattle,47.66255,-122.43282,100,,,,,,,,,,,,,,,,,,,,,,,,,,
UCP162,SK,River otter,4/24/2022,4,DNB,Seattle,47.66584,-122.42427,100,,,,,,,,,,,,,,,,,,,,,,,,,,
UCP163,SK,River otter,4/24/2022,4,DNB,Seattle,47.66584,-122.42427,100,,,,,,,,,,,,,,,,,,,,,,,,,,
UCP164,SK,River otter,4/24/2022,4,DNB,Seattle,47.66584,-122.42427,100,,,,,,,,,,,,,,,,,,,,,,,,,,
UCP165,SK,River otter,4/24/2022,4,DNB,Seattle,47.66584,-122.42427,100,,,,,,,,,,,,,,,,,,,,,,,,,,
UCP166,SK,River otter,4/24/2022,4,DNB,Seattle,47.66584,-122.42427,100,,,,,,,,,,,,,,,,,,,,,,,,,,
UCP167,SK,River otter,4/24/2022,4,DNB,Seattle,47.66584,-122.42427,100,,,,,,,,,,,,,,,,,,,,,,,,,,
UCP168,SK,River otter,4/24/2022,4,DNB,Seattle,47.66584,-122.42427,100,,,,,,,,,,,,,,,,,,,,,,,,,,
UCP169,SK,River otter,4/24/2022,4,DNB,Seattle,47.66584,-122.42427,100,,,,,,,,,,,,,,,,,,,,,,,,,,
UCP170,SK,River otter,4/24/2022,4,DNB,Seattle,47.66584,-122.42427,100,,,,,,,,,,,,,,,,,,,,,,,,,,
UCP171,SK,River otter,4/24/2022,4,DNB,Seattle,47.66584,-122.42427,100,,,,,,,,,,,,,,,,,,,,,,,,,,
UCP172,YH,River otter,4/25/22,4,WNP,Hunts Point,47.64022,-122.22443,100,C,,,,,,,,,,,,,,,,,,,,,,,,,
UCP173,YH,River otter,4/25/22,4,WNP,Hunts Point,47.64022,-122.22443,100,C,,,,,,,,,,,,,,,,,,,,,,,,,
UCP174,YH,River otter,4/25/22,4,WNP,Hunts Point,47.64022,-122.22443,100,C,,,,,,,,,,,,,,,,,,,,,,,,,
UCP175,YH,River otter,4/25/22,4,WNP,Hunts Point,47.64022,-122.22443,100,C,,,,,,,,,,,,,,,,,,,,,,,,,
UCP176,YH,River otter,4/25/22,4,WNP,Hunts Point,47.64022,-122.22443,100,C,,,,,,,,,,,,,,,,,,,,,,,,,
UCP180,YH,Coyote,5/16/22,5,GGC,Bellevue,47.60655,-122.16221,100,B,,,,,STL295,,,,,,,,,,,,,,,,,,,,
UCP181,YH,Coyote,5/16/22,5,,,47.60886,-122.1589093,60,C,,,rained on,,STL296,,,,,,,,,,,,,,,,,,,,
UCP182,YH,Coyote,5/26/22,5,,,47.5612793,-122.25201,100,A,,,freshhh,,STL297,,,,,,,,,,,,,,,,,,,,
UCP183,YH,River otter,5/26/22,5,LNM,Seattle,47.60457083,-122.2827378,100,C,,,,,,,,,,,,,,,,,,,,,,,,,
UCP184,YH,River otter,5/26/22,5,LNM,Seattle,47.60457083,-122.2827378,100,C,,,,,,,,,,,,,,,,,,,,,,,,,
UCP185,YH,River otter,5/26/22,5,LNM,Seattle,47.60452562,-122.2826829,100,C,,,,,,,,,,,,,,,,,,,,,,,,,
UCP186,YH,River otter,5/26/22,5,LNM,Seattle,47.60452562,-122.2826829,100,C,,,,,,,,,,,,,,,,,,,,,,,,,
UCP187,YH,River otter,6/1/22,6,BSW,Seattle,47.65249022,-122.3175526,100,C,,,,,,,,,,,,,,,,,,,,,,,,,
UCP188,YH,River otter,6/1/22,6,BSW,Seattle,47.65249022,-122.3175526,100,C,,,,,,,,,,,,,,,,,,,,,,,,,
UCP189,YH,River otter,6/1/22,6,BSW,Seattle,47.65249022,-122.3175526,100,C,,,,,,,,,,,,,,,,,,,,,,,,,
UCP190,YH,River otter,6/1/22,6,BSW,Seattle,47.65249022,-122.3175526,100,C,,,,,,,,,,,,,,,,,,,,,,,,,
UCP191,YH,River otter,6/1/22,6,BSW,Seattle,47.65249022,-122.3175526,100,C,,,,,,,,,,,,,,,,,,,,,,,,,
UCP192,YH,River otter,6/1/22,6,BSW,Seattle,47.65249022,-122.3175526,100,C,,,,,,,,,,,,,,,,,,,,,,,,,
UCP193,YH,River otter,6/1/22,6,BSW,Seattle,47.65249022,-122.3175526,100,C,,,,,,,,,,,,,,,,,,,,,,,,,
UCP194,SK,River otter,6/2/22,6,LNM,Seattle,47.60456,-122.28268,100,B,,,,,,,,,,,,,,,,,,,,,,,,,
UCP195,SK,River otter,6/2/22,6,LNM,Seattle,47.60456,-122.28268,100,C,,,,,,,,,,,,,,,,,,,,,,,,,
UCP196,SK,River otter,6/2/22,6,LNM,Seattle,47.60456,-122.28268,100,C,,,,,,,,,,,,,,,,,,,,,,,,,
UCP197,SK,River otter,6/2/22,6,LNM,Seattle,47.60456,-122.28268,100,C,,,,,,,,,,,,,,,,,,,,,,,,,
UCP198,SK,River otter,6/2/22,6,LNM,Seattle,47.60456,-122.28268,100,C,,,,,,,,,,,,,,,,,,,,,,,,,
UCP199,SK,River otter,6/2/22,6,LNM,Seattle,47.60448,-122.28271,100,C,,,,,,,,,,,,,,,,,,,,,,,,,
UCP200,SK,River otter,6/2/22,6,LNM,Seattle,47.60434,-122.28277,100,C,,,,,,,,,,,,,,,,,,,,,,,,,
UCP201,SK,River otter,6/2/22,6,LNM,Seattle,47.60434,-122.28277,100,C,,,,,,,,,,,,,,,,,,,,,,,,,
UCP202,SK,River otter,6/2/22,6,LNM,Seattle,47.60434,-122.28277,100,B,,,,,,,,,,,,,,,,,,,,,,,,,
UCP203,SK,River otter,6/2/22,6,LNM,Seattle,47.56326,-122.26590,100,A,,,,,,,,,,,,,,,,,,,,,,,,,
UCP204,SK,River otter,6/2/22,6,LNM,Seattle,47.56326,-122.26590,100,A,,,,,,,,,,,,,,,,,,,,,,,,,
UCP205,SK,River otter,6/2/22,6,LNM,Seattle,47.56326,-122.26590,100,B,,,,,,,,,,,,,,,,,,,,,,,,,
UCP206,SK,River otter,6/2/22,6,LNM,Seattle,47.56326,-122.26590,100,C,,,,,,,,,,,,,,,,,,,,,,,,,
UCP207,YH,Coyote,6/8/22,6,KGP,Bellevue,47.59511,-122.20638,70,C,,"super old, mostly plastic",,,STL015,,,,,,,,,,,,,,,,,,,,
UCP208,YH,Coyote,6/10/22,6,TAY,Kirkland,47.66351,-122.18074,100,C,,,,,STL016,,,,,,,,,,,,,,,,,,,,
UCP209,YH,Coyote,6/10/22,6,TAY,Kirkland,47.66411,-122.18365,100,B,,,,,STL017,,,,,,,,,,,,,,,,,,,,
UCP210,YH,River otter,6/13/22,6,GGC,Bellevue,47.60649,-122.16212,100,B,Cloudy,,anal jelly,Yes,,,,,,,,,,,,,,,,,,,,,
UCP211,YH,River otter,6/13/22,6,GGC,Bellevue,47.60649,-122.16212,100,B,Cloudy,,anal jelly (a lot),Yes,,,,,,,,,,,,,,,,,,,,,
UCP212,YH,River otter,6/13/22,6,GGC,Bellevue,47.60649,-122.16212,100,B,Cloudy,,,,,,,,,,,,,,,,,,,,,,,,
UCP213,YH,River otter,6/13/22,6,GGC,Bellevue,47.60649,-122.16212,100,B,Cloudy,,,,,,,,,,,,,,,,,,,,,,,,
UCP214,YH,River otter,6/13/22,6,GGC,Bellevue,47.60649,-122.16212,100,B,Cloudy,,,,,,,,,,,,,,,,,,,,,,,,
UCP215,YH,River otter,6/13/22,6,GGC,Bellevue,47.60649,-122.16212,100,B,Cloudy,,,,,,,,,,,,,,,,,,,,,,,,
UCP216,YH,Coyote,6/13/22,6,GGC,Bellevue,47.60689,-122.15884,100,C,Cloudy,,power line,,STL018,,,,,,,,,,,,,,,,,,,,
UCP217,YH,Coyote,6/13/22,6,OGC,Medina,47.21560,-122.23115,100,A,Cloudy,,,,STL019,,,,,,,,,,,,,,,,,,,,
UCP218,YH,Coyote,6/13/22,6,OGC,Medina,47.63123,-122.23088,100,C,Cloudy,,,,STL020,,,,,,,,,,,,,,,,,,,,
UCP219,YH,Coyote,6/14/22,6,CWP,Kirkland,47.69336,-122.19497,100,B,Cloudy,,,,STL021,,,,,,,,,,,,,,,,,,,,
UCP220,YH,Coyote,6/14/22,6,CWP,Kirkland,47.69354,-122.19738,100,B,Cloudy,,,,STL022,,,,,,,,,,,,,,,,,,,,
UCP221,YH,Coyote,6/14/22,6,CWP,Kirkland,47.69354,-122.19738,100,C,Cloudy,,,,STL023,,,,,,,,,,,,,,,,,,,,
UCP222,YH,Coyote,6/14/22,6,CWP,Kirkland,47.69354,-122.19738,100,C,Cloudy,,,,STL024,,,,,,,,,,,,,,,,,,,,
UCP223,YH,Coyote,6/14/22,6,CKC,Kirkland,47.69968,-122.18816,100,C,Cloudy,"super old and smushed, has deer hair.",in open lot by eastside tennis club,,STL025,,,,,,,,,,,,,,,,,,,,
UCP224,YH,Coyote,6/14/22,6,CWP,Kirkland,47.69314,-122.19729,100,C,Cloudy,,,,STL026,,,,,,,,,,,,,,,,,,,,
UCP225,YH,Coyote,6/14/22,6,CWP,Kirkland,47.69305,-122.19714,100,C,Cloudy,,,,STL027,,,,,,,,,,,,,,,,,,,,
UCP226,YH,Coyote,6/14/22,6,CWP,Kirkland,47.69275,-122.19718,100,C,Cloudy,,,,STL028,,,,,,,,,,,,,,,,,,,,
UCP227,YH,Coyote,6/14/22,6,BTP,Kirkland,47.65836,-122.18069,100,A,Cloudy,,,,STL029,,,,,,,,,,,,,,,,,,,,
UCP228,YH,River otter,6/20/22,6,GGC,Bellevue,47.60653,-122.16219,100,C,Cloudy,,,,,,,,,,,,,,,,,,,,,,,,
UCP229,YH,River otter,6/21/22,6,GGC,Bellevue,47.60653,-122.16219,100,A,Cloudy,,anal jelly (a lot),Yes,,,,,,,,,,,,,,,,,,,,,
UCP230,YH,River otter,6/21/22,6,GGC,Bellevue,47.60653,-122.16219,100,C,Cloudy,,,,,,,,,,,,,,,,,,,,,,,,
UCP231,YH,River otter,6/21/22,6,GGC,Bellevue,47.60653,-122.16219,100,B,Cloudy,,,,,,,,,,,,,,,,,,,,,,,,
UCP232,YH,River otter,6/21/22,6,GGC,Bellevue,47.60653,-122.16219,100,B,Cloudy,,,,,,,,,,,,,,,,,,,,,,,,
UCP233,YH,River otter,6/21/22,6,GGC,Bellevue,47.60653,-122.16219,100,C,Cloudy,,,,,,,,,,,,,,,,,,,,,,,,
UCP234,YH,River otter,6/21/22,6,GGC,Bellevue,47.61044,-122.16336,100,B,Cloudy,,,,,,,,,,,,,,,,,,,,,,,,
UCP235,YH,Coyote,6/21/22,6,CWP,Kirkland,47.69300,-122.19708,100,C,Cloudy,,,,STL030,,,,,,,,,,,,,,,,,,,,
UCP236,YH,Coyote,6/21/22,6,CWP,Kirkland,47.69104,-122.19475,100,B,Cloudy,smushed,,,STL031,,,,,,,,,,,,,,,,,,,,
UCP237,YH,River otter,6/22/22,6,BRF,Renton,47.47421,-122.23854,100,B,Sunny,,,,,,,,,,,,,,,,,,,,,,,,
UCP238,YH,River otter,6/22/22,6,BRF,Renton,47.47320,-122.23850,100,C,Sunny,old af,,,,,,,,,,,,,,,,,,,,,,,
UCP239,YH,River otter,6/22/22,6,DSS,Seattle,47.51403,-122.30568,100,C,Sunny,,,,,,,,,,,,,,,,,,,,,,,,
UCP240,YH,River otter,6/22/22,6,DSS,Seattle,47.51403,-122.30568,100,B,Sunny,,,,,,,,,,,,,,,,,,,,,,,,
UCP241,YH,River otter,6/22/22,6,DSS,Seattle,47.51403,-122.30568,100,B,Sunny,,,,,,,,,,,,,,,,,,,,,,,,
UCP242,YH,River otter,6/22/22,6,DSS,Seattle,47.51403,-122.30568,100,C,Sunny,,,,,,,,,,,,,,,,,,,,,,,,
UCP243,YH,River otter,6/22/22,6,DSS,Seattle,47.51403,-122.30568,100,B,Sunny,,,,,,,,,,,,,,,,,,,,,,,,
UCP244,YH,River otter,6/22/22,6,DSS,Seattle,47.51403,-122.30568,100,B,Sunny,,,,,,,,,,,,,,,,,,,,,,,,
UCP245,YH,River otter,6/22/22,6,DSS,Seattle,47.51403,-122.30568,100,B,Sunny,,,,,,,,,,,,,,,,,,,,,,,,
UCP246,YH,River otter,6/22/22,6,DSS,Seattle,47.51403,-122.30568,100,C,Sunny,,,,,,,,,,,,,,,,,,,,,,,,
UCP247,YH,Coyote,6/21/22,6,CWP,Kirkland,47.69300,-122.19708,100,C,Cloudy,,,,STL032,,,,,,,,,,,,,,,,,,,,
UCP248,YH,River otter,6/22/22,6,DSS,Seattle,47.51415,-122.30576,100,A,Sunny,,anal jelly only,Yes,,,,,,,,,,,,,,,,,,,,,
UCP249,YH,Coyote,6/22/22,6,RSE,Seattle,47.52936,-122.28934,100,C,Sunny,old af,,,STL033,,,,,,,,,,,,,,,,,,,,
UCP250,YH,Coyote,6/22/22,6,KUB,Seattle,47.51362,-122.26948,100,C,Sunny,,,,STL034,,,,,,,,,,,,,,,,,,,,
UCP251,YH,River otter,6/23/22,6,LNM,Seattle,47.60455,-122.28269,100,C,Sunny,,,,,,,,,,,,,,,,,,,,,,,,
UCP252,YH,River otter,6/23/22,6,LNM,Seattle,47.60455,-122.28269,100,C,Sunny,,,,,,,,,,,,,,,,,,,,,,,,
UCP253,YH,River otter,6/23/22,6,LNM,Seattle,47.60455,-122.28269,100,C,Sunny,,,,,,,,,,,,,,,,,,,,,,,,
UCP254,YH,River otter,6/23/22,6,LNM,Seattle,47.60455,-122.28269,100,C,Sunny,,,,,,,,,,,,,,,,,,,,,,,,
UCP255,YH,River otter,6/23/22,6,LNM,Seattle,47.60455,-122.28269,100,C,Sunny,,,,,,,,,,,,,,,,,,,,,,,,
UCP256,YH,River otter,6/23/22,6,LNM,Seattle,47.60455,-122.28269,100,C,Sunny,,,,,,,,,,,,,,,,,,,,,,,,
UCP257,YH,River otter,6/23/22,6,LNM,Seattle,47.60455,-122.28269,100,C,Sunny,,,,,,,,,,,,,,,,,,,,,,,,
UCP258,YH,River otter,6/23/22,6,LNM,Seattle,47.60455,-122.28271,100,C,Sunny,,,,,,,,,,,,,,,,,,,,,,,,
UCP259,YH,River otter,6/23/22,6,LNM,Seattle,47.60455,-122.28271,100,B,Sunny,,,,,,,,,,,,,,,,,,,,,,,,
UCP260,YH,River otter,6/23/22,6,LNM,Seattle,47.60455,-122.28271,100,B,Sunny,fishy/crust,,,,,,,,,,,,,,,,,,,,,,,
UCP261,YH,River otter,6/23/22,6,LNM,Seattle,47.60455,-122.28271,100,C,Sunny,bleached but not super old,,,,,,,,,,,,,,,,,,,,,,,
UCP262,YH,River otter,6/23/22,6,LNM,Seattle,47.60455,-122.28271,100,B,Sunny,,,,,,,,,,,,,,,,,,,,,,,,
UCP263,YH,River otter,6/23/22,6,LNM,Seattle,47.60434,-122.28277,100,C,Sunny,,,,,,,,,,,,,,,,,,,,,,,,
UCP264,YH,River otter,6/23/22,6,LNM,Seattle,47.60434,-122.28277,100,B,Sunny,,,,,,,,,,,,,,,,,,,,,,,,
UCP265,YH,River otter,6/23/22,6,LNM,Seattle,47.60434,-122.28277,100,B,Sunny,,,,,,,,,,,,,,,,,,,,,,,,
UCP266,YH,River otter,6/23/22,6,LNM,Seattle,47.60434,-122.28277,100,B,Sunny,,,,,,,,,,,,,,,,,,,,,,,,
UCP267,YH,Coyote,6/23/22,6,SEW,Seattle,47.55715,-122.24785,100,C,Sunny,,,,STL035,,,,,,,,,,,,,,,,,,,,
UCP268,YH,Coyote,6/23/22,6,SEW,Seattle,47.56047,-122.25070,100,C,Sunny,,,,STL036,,,,,,,,,,,,,,,,,,,,
UCP269,YH,Coyote,6/23/22,6,SEW,Seattle,46.55840,-122.24992,100,C,Sunny,,,,STL037,,,,,,,,,,,,,,,,,,,,
UCP270,YH,Coyote,6/23/22,6,SEW,Seattle,47.55902,-122.24999,100,C,Sunny,really dry,,,STL038,,,,,,,,,,,,,,,,,,,,
UCP271,YH,Coyote,6/23/22,6,SEW,Seattle,47.55672,-122.25112,100,C,Sunny,,,,STL039,,,,,,,,,,,,,,,,,,,,
UCP272,YH,River otter,6/29/22,6,CBM,Bellevue,47.60957,-122.20941,100,A,Sunny,,anal jelly,Yes,,,,,,,,,,,,,,,,,,,,,
UCP273,YH,River otter,6/29/22,6,CBM,Bellevue,47.60957,-122.20941,100,A,Sunny,,,,,,,,,,,,,,,,,,,,,,,,
UCP274,YH,River otter,6/29/22,6,CBM,Bellevue,47.60957,-122.20941,100,A,Sunny,,,,,,,,,,,,,,,,,,,,,,,,
UCP275,YH,River otter,6/29/22,6,CBM,Bellevue,47.60957,-122.20941,100,A,Sunny,,,,,,,,,,,,,,,,,,,,,,,,
UCP276,YH,River otter,6/29/22,6,CBM,Bellevue,47.60957,-122.20941,100,C,Sunny,,,,,,,,,,,,,,,,,,,,,,,,
UCP277,YH,Coyote,7/4/22,7,OGC,Medina,47.63165,-122.23149,100,B,Sunny,,,,STL040,,,,,,,,,,,,,,,,,,,,
UCP278,YH,Coyote,6/30/22,6,NST,Ruston,47.28532,-122.49175,100,C,Sunny,,,,STL041,,,,,,,,,,,,,,,,,,,,
UCP279,YH,Coyote,6/30/22,6,NST,Ruston,47.28539,-122.49173,100,C,Sunny,grass on sample,,,STL042,,,,,,,,,,,,,,,,,,,,
UCP280,YH,Coyote,6/30/22,6,NST,Ruston,47.28541,-122.4915,100,B,Sunny,,,,STL043,,,,,,,,,,,,,,,,,,,,
UCP281,YH,Coyote,6/30/22,6,NST,Ruston,47.28517,-122.49213,100,C,Sunny,old/dry,,,STL044,,,,,,,,,,,,,,,,,,,,
UCP282,YH,Coyote,6/30/22,6,NST,Ruston,47.28547,-122.49143,100,C,Sunny,,,,STL045,,,,,,,,,,,,,,,,,,,,
UCP283,YH,Coyote,7/4/22,7,OGC,Medina,47.63195,-122.23196,100,C,Sunny,dry/moldy,,,STL046,,,,,,,,,,,,,,,,,,,,
UCP284,YH,Coyote,7/4/22,7,WSP,Kirkland,47.65002,-122.19148,100,B,Sunny,,,,STL047,,,,,,,,,,,,,,,,,,,,
UCP285,YH,Coyote,7/4/22,7,WSP,Kirkland,,,100,C,,,,,STL274,,,,,,,,,,,,,,,,,,,,
UCP286,YH,Coyote,7/4/22,7,WSP,Kirkland,47.64926,-122.18912,100,C,Sunny,old/dry,,,STL048,,,,,,,,,,,,,,,,,,,,
UCP287,YH,Coyote,7/4/22,7,WSP,Kirkland,47.64726,-122.18805,70,C,Sunny,old/moldy,,,STL049,,,,,,,,,,,,,,,,,,,,
UCP288,YH,Coyote,7/4/22,7,WSP,Kirkland,47.64707,-122.18809,100,B,Sunny,,pup,,STL050,,,,,,,,,,,,,,,,,,,,
UCP289,YH,Coyote,7/4/22,7,WSP,Kirkland,47.6472,-122.18996,100,C,Sunny,sandy/smushed,seeds/pits,,STL051,,,,,,,,,,,,,,,,,,,,
UCP290,YH,Coyote,7/4/22,7,WSP,Kirkland,47.64709,-122.1901,100,C,Sunny,,,,STL052,,,,,,,,,,,,,,,,,,,,
UCP291,YH,Coyote,7/4/22,7,WSP,Kirkland,47.64696,-122.19006,100,B,Sunny,,pup,,STL053,,,,,,,,,,,,,,,,,,,,
UCP292,YH,Coyote,7/4/22,7,WSP,Kirkland,47.64694,-122.18998,100,B,Sunny,sample has ants on it,,,STL054,,,,,,,,,,,,,,,,,,,,
UCP293,YH,Coyote,7/4/22,7,WSP,Kirkland,47.64718,-122.19001,100,B,Sunny,,"pup, pits",,STL055,,,,,,,,,,,,,,,,,,,,
UCP294,YH,Coyote,7/4/22,7,WSP,Kirkland,47.64672,-122.18944,100,C,Sunny,,"pup, teeth visible",,STL056,,,,,,,,,,,,,,,,,,,,
UCP295,YH,Coyote,7/4/22,7,WSP,Kirkland,47.64783,-122.19027,100,C,Sunny,,,,STL057,,,,,,,,,,,,,,,,,,,,
UCP296,YH,Coyote,7/4/22,7,WSP,Kirkland,47.64788,-122.19001,100,C,Sunny,,"pup, cherry pits",,STL058,,,,,,,,,,,,,,,,,,,,
UCP297,YH,Coyote,7/4/22,7,WSP,Kirkland,47.6485,-122.18954,100,B,Sunny,,,,STL059,,,,,,,,,,,,,,,,,,,,
UCP298,YH,Coyote,7/4/22,7,TAY,Kirkland,47.66212,-122.18211,100,C,Sunny,old/smushed,,,STL060,,,,,,,,,,,,,,,,,,,,
UCP299,YH,Coyote,7/4/22,7,TAY,Kirkland,47.66206,-122.18198,100,C,Sunny,,"partial sample, couldn't find the rest",,STL061,,,,,,,,,,,,,,,,,,,,
UCP300,YH,Coyote,7/4/22,7,BTP,Kirkland,47.65059,-122.17532,100,C,Sunny,,,,STL062,,,,,,,,,,,,,,,,,,,,
UCP301,YH,Coyote,7/11/22,7,OGC,Medina,47.63189,-122.23205,100,A,Sunny,,,,STL063,,,,,,,,,,,,,,,,,,,,
UCP302,YH,Coyote,7/11/22,7,SDP,Bellevue,,,NA,NA,,NOT A SCAT,NOT A SCAT - hair/bonw found near disembodied paw,,NA,,,,,,,,,,,,,,,,,,,,
UCP303,YH,Coyote,7/11/22,7,WSP,Kirkland,47.64687,-122.18961,100,C,Sunny,,,,STL064,,,,,,,,,,,,,,,,,,,,
UCP304,YH,Coyote,7/11/22,7,WSP,Kirkland,47.64699,-122.18941,100,C,Sunny,,,,STL065,,,,,,,,,,,,,,,,,,,,
UCP305,YH,Coyote,7/11/22,7,EVR,Bellevue,47.67321,-122.19135,100,C,Sunny,,,,STL066,,,,,,,,,,,,,,,,,,,,
UCP306,YH,Coyote,7/12/22,7,RVL,Bellevue,47.59389,-122.15991,100,C,Sunny,"smushed, might be 2 samples",,,STL067,,,,,,,,,,,,,,,,,,,,
UCP307,YH,Coyote,7/12/22,7,RVL,Bellevue,47.59117,-122.16059,100,C,Sunny,veg stuck on sample,,,STL068,,,,,,,,,,,,,,,,,,,,
UCP308,YH,River otter,7/12/22,7,RVL,Bellevue,47.59091,-122.16162,100,C,Sunny,,,,,,,,,,,,,,,,,,,,,,,,
UCP309,YH,River otter,7/12/22,7,RVL,Bellevue,47.59091,-122.16162,100,C,Sunny,,,,,,,,,,,,,,,,,,,,,,,,
UCP310,YH,River otter,7/12/22,7,RVL,Bellevue,47.59091,-122.16162,100,C,Sunny,,,,,,,,,,,,,,,,,,,,,,,,
UCP311,YH,River otter,7/12/22,7,RVL,Bellevue,47.59091,-122.16162,100,C,Sunny,,,,,,,,,,,,,,,,,,,,,,,,
UCP313,YH,Coyote,7/14/22,7,INT,Seattle,,,100,,C,,,,STL275,,,,,,,,,,,,,,,,,,,,
UCP314,YH,Coyote,7/14/22,7,INT,Seattle,47.63618,-122.30796,100,B,Sunny,,pup,,STL069,,,,,,,,,,,,,,,,,,,,
UCP315,YH,Coyote,7/14/22,7,INT,Seattle,47.63618,-122.30796,100,C,Sunny,,pup,,STL070,,,,,,,,,,,,,,,,,,,,
UCP316,YH,Coyote,7/14/22,7,WPA,Seattle,47.63644,-122.29387,100,C,Sunny,,,,STL071,,,,,,,,,,,,,,,,,,,,
UCP317,YH,Coyote,7/18/22,7,GGC,Bellevue,47.60841,-122.1591,100,C,Sunny,rained on,cherry pits,,STL072,,,,,,,,,,,,,,,,,,,,
UCP318,YH,Coyote,7/18/22,7,GGC,Bellevue,47.60783,-122.159,100,C,Sunny,,,,STL073,,,,,,,,,,,,,,,,,,,,
UCP319,YH,Coyote,7/18/22,7,GGC,Bellevue,47.60748,-122.15897,100,A,Sunny,ants on sample,,,STL074,,,,,,,,,,,,,,,,,,,,
UCP320,YH,Coyote,7/18/22,7,GGC,Bellevue,47.60854,-122.15908,100,C,Sunny,"diarrhea, rained on",cherry pits,,STL075,,,,,,,,,,,,,,,,,,,,
UCP321,YH,River otter,7/18/22,7,GGC,Bellevue,47.60659,-122.16223,100,C,Sunny,rained on,,,,,,,,,,,,,,,,,,,,,,,
UCP322,YH,River otter,7/18/22,7,GGC,Bellevue,47.60659,-122.16223,100,B,Sunny,,,,,,,,,,,,,,,,,,,,,,,,
UCP323,YH,Coyote,7/18/22,7,RVL,Bellevue,47.59201,-122.16023,100,C,Sunny,slugged on,seeds,,STL076,,,,,,,,,,,,,,,,,,,,
UCP324,YH,Coyote,7/18/22,7,WSP,Kirkland,47.64964,-122.19248,100,C,Sunny,,,,STL077,,,,,,,,,,,,,,,,,,,,
UCP325,YH,Coyote,7/18/22,7,WSP,Kirkland,,,100,C,,,next to rabbit poop,,STL276,,,,,,,,,,,,,,,,,,,,
UCP326,YH,Coyote,7/18/22,7,WSP,Kirkland,47.64697,-122.1899,100,C,Sunny,,,,STL078,,,,,,,,,,,,,,,,,,,,
UCP327,YH,Coyote,7/18/22,7,WSP,Kirkland,47.64692,-122.1898,100,C,Sunny,bleached,,,STL079,,,,,,,,,,,,,,,,,,,,
UCP328,YH,Coyote,7/18/22,7,WSP,Kirkland,47.64697,-122.1897,100,C,Sunny,bleached,,,STL080,,,,,,,,,,,,,,,,,,,,
UCP329,YH,Coyote,7/18/22,7,WSP,Kirkland,47.64679,-122.1897,100,C,Sunny,bleached,,,STL081,,,,,,,,,,,,,,,,,,,,
UCP330,YH,Coyote,7/18/22,7,WSP,Kirkland,,,100,C,,,,,STL277,,,,,,,,,,,,,,,,,,,,
UCP331,YH,Coyote,7/18/22,7,TAY,Kirkland,47.66154,-122.1808,100,B,Sunny,,,,STL082,,,,,,,,,,,,,,,,,,,,
UCP332,YH,Coyote,7/18/22,7,BTP,Kirkland,47.65229,-122.17503,100,C,Sunny,,,,STL083,,,,,,,,,,,,,,,,,,,,
UCP333,YH,Coyote,8/3/22,8,HOL,Shoreline,47.77577,-122.32484,100,B,Sunny,,,,STL084,,,,,,,,,,,,,,,,,,,,
UCP334,YH,Coyote,8/3/22,8,HOL,Shoreline,47.77576,-122.32487,100,C,Sunny,,,,STL085,,,,,,,,,,,,,,,,,,,,
UCP335,YH,Coyote,8/3/22,8,HOL,Shoreline,47.77605,-122.325,100,C,Sunny,,,,STL086,,,,,,,,,,,,,,,,,,,,
UCP336,YH,Coyote,8/3/22,8,HOL,Shoreline,47.77572,-122.32482,100,B,Sunny,grassy,diarrhea,,STL087,,,,,,,,,,,,,,,,,,,,
UCP337,YH,Coyote,8/3/22,8,HOL,Shoreline,47.77765,-122.32854,100,C,Sunny,,,,STL088,,,,,,,,,,,,,,,,,,,,
UCP338,YH,Coyote,8/3/22,8,HOL,Shoreline,47.77732,-122.32887,100,C,Sunny,,pup?,,STL089,,,,,,,,,,,,,,,,,,,,
UCP339,YH,Coyote,8/3/22,8,EDM,Edmonds,47.80514,-122.39018,100,C,Sunny,,,,STL090,,,,,,,,,,,,,,,,,,,,
UCP340,YH,Raccoon,8/3/22,8,EDM,Edmonds,47.80441,-122.3878403,70,C,Sunny,,,,,,,,,,,,,,,,,,,,,,,,
UCP341,YH,Coyote,8/3/22,8,RSB,Seattle,47.76579,-122.38451,100,B,Sunny,,,,STL091,,,,,,,,,,,,,,,,,,,,
UCP342,YH,Coyote,8/5/22,8,GMP,Renton,47.48641,-122.16974,100,B,Sunny,,,,STL092,,,,,,,,,,,,,,,,,,,,
UCP343,YH,Coyote,8/5/22,8,GMP,Renton,47.48622,-122.17017,100,B,Sunny,,,,STL093,,,,,,,,,,,,,,,,,,,,
UCP344,YH,Coyote,8/5/22,8,GMP,Renton,47.48602,-122.17023,100,C,Sunny,,,,STL094,,,,,,,,,,,,,,,,,,,,
UCP345,YH,Coyote,8/5/22,8,GMP,Renton,47.48605,-122.17043,100,B,Sunny,,berry,,STL095,,,,,,,,,,,,,,,,,,,,
UCP346,YH,Coyote,8/5/22,8,GMP,Renton,47.48606,-122.1704407,100,B,Sunny,caked on,diarrhea,,STL096,,,,,,,,,,,,,,,,,,,,
UCP347,YH,Coyote,8/5/22,8,GMP,Renton,47.48653,-122.17343,100,A,Sunny,,,,STL097,,,,,,,,,,,,,,,,,,,,
UCP348,YH,Coyote,8/5/22,8,GMP,Renton,47.48511,-122.17402,100,B,Sunny,,,,STL098,,,,,,,,,,,,,,,,,,,,
UCP349,YH,Coyote,8/5/22,8,GMP,Renton,47.48515,-122.17426,100,C,Sunny,,,,STL099,,,,,,,,,,,,,,,,,,,,
UCP350,YH,Coyote,8/5/22,8,GMP,Renton,47.48569,-122.17099,100,C,Sunny,,,,STL100,,,,,,,,,,,,,,,,,,,,
UCP351,YH,Coyote,8/5/22,8,GMP,Renton,47.48559,-122.17095,100,A,Sunny,,freshieeeee,,STL101,,,,,,,,,,,,,,,,,,,,
UCP352,YH,Coyote,8/5/22,8,GMP,Renton,47.48556,-122.17094,100,C,Sunny,,,,STL102,,,,,,,,,,,,,,,,,,,,
UCP353,YH,Coyote,8/5/22,8,GMP,Renton,47.48511,-122.1709595,100,A,Sunny,,big poop could be 2,,STL103,,,,,,,,,,,,,,,,,,,,
UCP354,YH,Coyote,8/5/22,8,GMP,Renton,47.48551,-122.1704,100,C,Sunny,gnats on sample,,,STL104,,,,,,,,,,,,,,,,,,,,
UCP355,YH,Coyote,8/5/22,8,GMP,Renton,47.48553,-122.17033,100,C,Sunny,,,,STL105,,,,,,,,,,,,,,,,,,,,
UCP356,YH,Coyote,8/5/22,8,GMP,Renton,47.48553,-122.17033,100,C,Sunny,,,,STL106,,,,,,,,,,,,,,,,,,,,
UCP357,YH,Coyote,8/5/22,8,GMP,Renton,47.48553,-122.17021,100,C,Sunny,bit moldy,,,STL107,,,,,,,,,,,,,,,,,,,,
UCP358,YH,Coyote,8/5/22,8,GMP,Renton,47.48542,-122.1700592,100,C,Sunny,,might be 2,,STL108,,,,,,,,,,,,,,,,,,,,
UCP359,YH,Coyote,8/5/22,8,GMP,Renton,47.48541,-122.17,100,C,Sunny,,,,STL109,,,,,,,,,,,,,,,,,,,,
UCP360,YH,Coyote,8/5/22,8,GMP,Renton,47.48537,-122.16995,100,C,Sunny,,deer hair,,STL110,,,,,,,,,,,,,,,,,,,,
UCP361,YH,Coyote,8/5/22,8,TWT,Renton,47.46708,-122.18928,70,C,Sunny,,,,STL111,,,,,,,,,,,,,,,,,,,,
UCP362,YH,Coyote,8/5/22,8,TWT,Renton,47.46692,-122.18755,100,C,Sunny,,,,STL112,,,,,,,,,,,,,,,,,,,,
UCP363,YH,Coyote,8/5/22,8,TWT,Renton,47.46692,-122.18755,100,C,Sunny,,,,STL113,,,,,,,,,,,,,,,,,,,,
UCP364,YH,Coyote,8/5/22,8,TWT,Renton,47.46969,-122.19232,100,B,Sunny,,,,STL114,,,,,,,,,,,,,,,,,,,,
UCP365,YH,Coyote,,,,,,,,,Sunny,,,,STL115,find and fill in info,,,,,,,,,,,,,,,,,,,
UCP365B,YH,Coyote,8/5/22,8,DON,Renton,47.53354,-122.17507,100,C,,,"cherries,pup or rac",,STL284,,,,,,,,,,,,,,,,,,,,
UCP366,YH,Coyote,8/7/22,8,BTP,Kirkland,47.65445,-122.17506,100,B,Sunny,,,,STL116,,,,,,,,,,,,,,,,,,,,
UCP367,YH,Coyote,8/7/22,8,BTP,Kirkland,,,100,A,A,,,,STL278,,,,,,,,,,,,,,,,,,,,
UCP368,YH,Coyote,8/7/22,8,BTP,Kirkland,47.65535,-122.17503,100,B,Sunny,,,,STL117,,,,,,,,,,,,,,,,,,,,
UCP369,YH,Coyote,8/7/22,8,BTP,Kirkland,47.65943,-122.17486,100,C,Sunny,,,,STL118,,,,,,,,,,,,,,,,,,,,
UCP370,YH,Coyote,8/7/22,8,BTP,Kirkland,47.65948,-122.1749496,100,C,Sunny,,,,STL119,,,,,,,,,,,,,,,,,,,,
UCP371,YH,Coyote,8/7/22,8,BTP,Kirkland,47.65708,-122.17213,100,C,Sunny,,,,STL120,,,,,,,,,,,,,,,,,,,,
UCP372,YH,Coyote,8/8/22,8,OGC,Medina,47.6316,-122.23168,100,C,Sunny,,,,STL121,,,,,,,,,,,,,,,,,,,,
UCP373,YH,Coyote,8/8/22,8,GGC,Bellevue,47.60733,-122.15897,100,C,Sunny,,,,STL122,,,,,,,,,,,,,,,,,,,,
UCP374,YH,Coyote,8/8/22,8,GGC,Bellevue,47.60711,-122.15894,60,B,Sunny,,questionable,,STL123,,,,,,,,,,,,,,,,,,,,
UCP375,YH,Coyote,8/8/22,8,LTL,look up where the heck this is,47.60969,-122.1483307,100,B,Sunny,smushed,,,STL124,,,,,,,,,,,,,,,,,,,,
UCP376,YH,Coyote,8/8/22,8,SHS,Bellevue,47.60653,-122.1491699,100,C,Sunny,,,,STL125,,,,,,,,,,,,,,,,,,,,
UCP377,YH,Coyote,8/8/22,8,WSP,Kirkland,47.64774,-122.18797,100,B,Sunny,,,,STL126,,,,,,,,,,,,,,,,,,,,
UCP378,YH,Coyote,8/8/22,8,WSP,Kirkland,47.64678,-122.1884003,100,C,Sunny,,,,STL127,,,,,,,,,,,,,,,,,,,,
UCP379,YH,Coyote,8/8/22,8,WSP,Kirkland,47.64697,-122.18886,100,B,Sunny,,,,STL128,,,,,,,,,,,,,,,,,,,,
UCP380,YH,Coyote,8/8/22,8,WSP,Kirkland,47.64694,-122.18961,100,C,Sunny,,,,STL129,,,,,,,,,,,,,,,,,,,,
UCP382,YH,Coyote,8/8/22,8,WSP,Kirkland,47.6469,-122.1899,100,B,Sunny,,,,STL130,,,,,,,,,,,,,,,,,,,,
UCP382,YH,Coyote,8/8/22,8,WSP,Kirkland,47.64694,-122.1899796,100,B,Sunny,,,,STL131,,,,,,,,,,,,,,,,,,,,
UCP383,YH,Coyote,8/8/22,8,WSP,Kirkland,47.6469,-122.19009,100,C,Sunny,,,,STL132,,,,,,,,,,,,,,,,,,,,
UCP384,YH,Coyote,8/8/22,8,WSP,Kirkland,47.6472,-122.18996,100,C,Sunny,,,,STL133,,,,,,,,,,,,,,,,,,,,
UCP385,YH,Coyote,8/8/22,8,WSP,Kirkland,47.64717,-122.18994,100,C,Sunny,smushed,,,STL134,,,,,,,,,,,,,,,,,,,,
UCP386,YH,Coyote,8/8/22,8,WSP,Kirkland,47.64717,-122.18994,100,C,,,,,STL279,,,,,,,,,,,,,,,,,,,,
UCP387,YH,Coyote,8/8/22,8,WSP,Kirkland,47.64736,-122.18973,100,A,Sunny,,,,STL135,,,,,,,,,,,,,,,,,,,,
UCP388,YH,Coyote,8/8/22,8,WSP,Kirkland,47.64728,-122.18964,100,A,Sunny,,,,STL136,,,,,,,,,,,,,,,,,,,,
UCP389,YH,Coyote,8/8/22,8,WSP,Kirkland,47.64729,-122.19021,100,?,Sunny,,,,STL137,,,,,,,,,,,,,,,,,,,,
UCP390,YH,Coyote,8/8/22,8,WSP,Kirkland,47.6474,-122.1904602,100,A,Sunny,,,,STL138,,,,,,,,,,,,,,,,,,,,
UCP391,YH,Coyote,8/8/22,8,WSP,Kirkland,47.64713,-122.19063,100,C,Sunny,,,,STL139,,,,,,,,,,,,,,,,,,,,
UCP392,YH,Coyote,8/8/22,8,WSP,Kirkland,47.64748,-122.19073,100,B,Sunny,,,,STL140,,,,,,,,,,,,,,,,,,,,
UCP394,YH,Coyote,8/8/22,8,WSP,Kirkland,47.64743,-122.190721,100,A,Sunny,,,,STL141,,,,,,,,,,,,,,,,,,,,
UCP395,YH,Coyote,8/8/22,8,WSP,Kirkland,47.64818,-122.1893997,100,B,Sunny,,,,STL142,,,,,,,,,,,,,,,,,,,,
UCP396,YH,Coyote,8/10/22,8,HOL,Shoreline,,,100,C,C,,,,STL280,,,,,,,,,,,,,,,,,,,,
UCP397,YH,Coyote,8/10/22,8,HOL,Shoerline,,,100,C,,,,,STL281,,,,,,,,,,,,,,,,,,,,
UCP398,YH,Coyote,8/10/22,8,HOL,Shoreline,,,100,C,C,,,,STL282,,,,,,,,,,,,,,,,,,,,
Ucp399,YH,Coyote,7/31/22,8,Shoreline,Shoreline,47.76521,-122.3723377,Unk,NA,Unk,Unk,collected by Kruckeberg board member. maybe dog,,STL283,,,,,,,,,,,,,,,,,,,,
UCP400,YH,Coyote,8/15/22,8,CWP,Kirkland,47.69288,-122.19603,100,C,Sunny,,,,STL143,,,,,,,,,,,,,,,,,,,,
UCP401,YH,Coyote,8/15/22,8,CWP,Kirkland,47.69268,-122.19548,100,C,Sunny,covered in wood chips,,,STL144,,,,,,,,,,,,,,,,,,,,
UCP402,YH,Coyote,8/15/22,8,TAY,Kirkland,47.6629,-122.18338,100,C,Sunny,sun bleached,,,STL145,,,,,,,,,,,,,,,,,,,,
ucp403,YH,Coyote,8/15/22,8,TAY,Kirkland,47.6631,-122.18381,60,B,Sunny,,looks,,STL146,,,,,,,,,,,,,,,,,,,,
UCP404,YH,Coyote,8/15/22,8,TAY,Kirkland,47.6637,-122.1841,100,C,Sunny,,,,STL147,,,,,,,,,,,,,,,,,,,,
UCP405,YH,Coyote,8/15/22,8,TAY,Kirkland,47.66246,-122.18301,100,C,Sunny,,,,STL148,,,,,,,,,,,,,,,,,,,,
UCP406,YH,Coyote,8/15/22,8,TAY,Kirkland,47.66275,-122.18307,100,C,Sunny,,,,STL149,,,,,,,,,,,,,,,,,,,,
UCP407,YH,Coyote,8/15/22,8,TAY,Kirkland,47.66216,-122.18181,100,C,Sunny,,,,STL150,,,,,,,,,,,,,,,,,,,,
UCP408,YH,Coyote,8/15/22,8,BTP,Kirkland,47.6595,-122.17483,100,C,Sunny,,,,STL151,,,,,,,,,,,,,,,,,,,,
UCP409,YH,Coyote,8/15/22,8,BTP,Kirkland,47.6563,-122.1749,100,C,Sunny,,,,STL152,,,,,,,,,,,,,,,,,,,,
UCP410,YH,Coyote,8/15/22,8,BTP,Kirkland,47.65494,-122.17507,100,C,Sunny,moldy,,,STL153,,,,,,,,,,,,,,,,,,,,
UCP411,YH,Coyote,8/15/22,8,BTP,Kirkland,47.65368,-122.1751,100,B,Sunny,,,,STL154,,,,,,,,,,,,,,,,,,,,
UCP412,YH,Coyote,8/15/22,8,BTP,Kirkland,47.65296,-122.17506,100,C,Sunny,,,,STL155,,,,,,,,,,,,,,,,,,,,
UCP413,YH,Coyote,8/15/22,8,BTP,Kirkland,47.65296,-122.17506,100,C,Sunny,,,,STL156,,,,,,,,,,,,,,,,,,,,
UCP414,YH,Coyote,8/15/22,8,BTP,Kirkland,47.65247,-122.17516,100,B,Sunny,,,,STL157,,,,,,,,,,,,,,,,,,,,
UCP415,YH,Coyote,8/16/22,8,GEN,Seattle,47.5673,-122.27789,100,C,Sunny,,,,STL158,,,,,,,,,,,,,,,,,,,,
UCP416,YH,Coyote,8/16/22,8,GEN,Seattle,47.56762,-122.2791,100,A,Sunny,,,,STL159,,,,,,,,,,,,,,,,,,,,
UCP417,YH,Coyote,8/16/22,8,COL,Seattle,47.58674,-122.29195,100,B,Sunny,,,,STL160,,,,,,,,,,,,,,,,,,,,
UCP418,YH,Coyote,8/16/22,8,COL,Seattle,47.58516,-122.28832,100,B,Sunny,,,,STL161,,,,,,,,,,,,,,,,,,,,
UCP419,YH,Coyote,8/16/22,8,COL,Seattle,47.58516,-122.28832,100,C,Sunny,,,,STL162,,,,,,,,,,,,,,,,,,,,
UCP420,YH,Coyote,8/16/22,8,COL,Seattle,47.58516,-122.28832,100,C,Sunny,smushed,,,STL163,,,,,,,,,,,,,,,,,,,,
UCP421,YH,Coyote,8/17/22,8,SRT,Redmond,47.69009,-122.13449,100,C,Sunny,,,,STL164,,,,,,,,,,,,,,,,,,,,
UCP422,YH,Coyote,8/17/22,8,SRT,Redmond,47.69066,-122.13505,100,B,Sunny,,,,STL165,,,,,,,,,,,,,,,,,,,,
UCP423,YH,Coyote,8/17/22,8,SRT,Redmond,47.69066,-122.13505,100,C,Sunny,,,,STL166,,,,,,,,,,,,,,,,,,,,
UCP424,YH,Coyote,8/17/22,8,SRT,Redmond,47.69275,-122.13717,100,?,Sunny,,,,STL167,,,,,,,,,,,,,,,,,,,,
UCP425,YH,Coyote,8/17/22,8,SRT,Redmond,47.69902,-122.1435635,100,B,Sunny,,,,STL168,,,,,,,,,,,,,,,,,,,,
UCP426,YH,Coyote,8/17/22,8,SRT,Redmond,47.699,-122.14261,100,C,Sunny,,,,STL169,,,,,,,,,,,,,,,,,,,,
UCP427,YH,Coyote,8/17/22,8,SRT,Redmond,47.69894,-122.1391919,100,C,Sunny,,huuuuge poop,,STL170,,,,,,,,,,,,,,,,,,,,
UCP428,YH,Coyote,8/17/22,8,SRT,Redmond,47.69888,-122.13915,100,C,Sunny,sun bleached,,,STL171,,,,,,,,,,,,,,,,,,,,
UCP429,YH,Coyote,8/17/22,8,SRT,Redmond,47.69873,-122.13908,100,A,Sunny,,,,STL172,,,,,,,,,,,,,,,,,,,,
UCP430,YH,Coyote,8/17/22,8,SRT,Redmond,47.69887,-122.13899,100,C,Sunny,,,,STL173,,,,,,,,,,,,,,,,,,,,
UCP431,YH,Coyote,8/17/22,8,SRT,Redmond,47.69771,-122.14036,100,B,Sunny,,,,STL174,,,,,,,,,,,,,,,,,,,,
UCP432,YH,Coyote,8/17/22,8,SRT,Redmond,47.69999,-122.14085,100,C,Sunny,,,,STL175,,,,,,,,,,,,,,,,,,,,
UCP433,YH,Coyote,8/17/22,8,SRT,Redmond,47.70018,-122.14069,100,C,Sunny,,,,STL176,,,,,,,,,,,,,,,,,,,,
UCP434,YH,Coyote,8/17/22,8,SRT,Redmond,47.7003,-122.13917,100,C,Sunny,,,,STL177,,,,,,,,,,,,,,,,,,,,
UCP435,YH,Coyote,8/17/22,8,SRT,Redmond,47.70055,-122.13933,100,A,Sunny,,,,STL178,,,,,,,,,,,,,,,,,,,,
UCP436,YH,Coyote,8/24/22,8,WMN,Medina,47.63299,-122.22949,100,C,Sunny,sun bleached,,,STL179,,,,,,,,,,,,,,,,,,,,
UCP437,YH,Coyote,8/24/22,8,WMN,Medina,47.63297,-122.22918,100,C,Sunny,sun bleached,,,STL180,,,,,,,,,,,,,,,,,,,,
UCP438,YH,Coyote,8/25/22,8,GMP,Renton,47.48622,-122.17015,100,B,Sunny,,,,STL181,,,,,,,,,,,,,,,,,,,,
UCP439,YH,Coyote,8/25/22,8,GMP,Renton,47.48621,-122.17086,100,A,Sunny,,worm on poop,,STL182,,,,,,,,,,,,,,,,,,,,
UCP440,YH,Coyote,8/25/22,8,GMP,Renton,47.48532,-122.17,100,A,Sunny,freshie,,,STL183,,,,,,,,,,,,,,,,,,,,
UCP441,YH,Coyote,8/25/22,8,GMP,Renton,47.4852,-122.1705,100,C,Sunny,,pup?,,STL184,,,,,,,,,,,,,,,,,,,,
UCP442,YH,Coyote,8/25/22,8,GMP,Renton,47.48705,-122.16888,100,C,Sunny,,,,STL185,,,,,,,,,,,,,,,,,,,,
UCP443,YH,Coyote,8/25/22,8,MCP,Renton,47.51902,-122.17207,100,C,Sunny,,cherry,,STL186,,,,,,,,,,,,,,,,,,,,
UCP444,YH,Coyote,8/26/22,8,WSP,Kirkland,47.64997,-122.18916,100,A,Cloudy,,"berries; approx location, Gaia didn't save",,STL187,,,,,,,,,,,,,,,,,,,,
UCP445,YH,Coyote,8/26/22,8,WSP,Kirkland,47.64997,-122.18916,100,B,Cloudy,,veg stuck on,,STL188,,,,,,,,,,,,,,,,,,,,
UCP446,YH,Coyote,8/26/22,8,WSP,Kirkland,47.64966,-122.18904,100,A,Cloudy,,"berries, veg stuck on",,STL189,,,,,,,,,,,,,,,,,,,,
UCP447,YH,Coyote,8/26/22,8,WSP,Kirkland,47.64915,-122.18909,100,B,Cloudy,,berries,,STL190,,,,,,,,,,,,,,,,,,,,
UCP448,YH,Coyote,8/26/22,8,WSP,Kirkland,47.64907,-122.18907,100,C,Cloudy,,,,STL191,,,,,,,,,,,,,,,,,,,,
UCP449,YH,Coyote,8/26/22,8,WSP,Kirkland,47.64789,-122.18793,100,C,Cloudy,,,,STL192,,,,,,,,,,,,,,,,,,,,
UCP450,YH,Coyote,8/26/22,8,WSP,Kirkland,47.64791,-122.18781,100,C,Cloudy,,,,STL193,,,,,,,,,,,,,,,,,,,,
UCP451,YH,Coyote,8/26/22,8,WSP,Kirkland,47.64791,-122.18781,100,C,Cloudy,,,,STL194,,,,,,,,,,,,,,,,,,,,
UCP452,YH,Coyote,8/26/22,8,WSP,Kirkland,47.64698,-122.18892,100,A,Cloudy,,,,STL195,,,,,,,,,,,,,,,,,,,,
UCP453,YH,Coyote,8/26/22,8,WSP,Kirkland,47.64704,-122.18899,UCP,A,Cloudy,,,,STL196,,,,,,,,,,,,,,,,,,,,
UCP454,YH,Coyote,8/26/22,8,WSP,Kirkland,47.64704,-122.18977,100,C,Cloudy,,,,STL197,,,,,,,,,,,,,,,,,,,,
UCP455,YH,Coyote,8/26/22,8,WSP,Kirkland,47.64704,-122.18977,100,C,Cloudy,,,,STL198,,,,,,,,,,,,,,,,,,,,
UCP456,YH,Coyote,8/26/22,8,WSP,Kirkland,47.64704,-122.18977,100,C,Cloudy,,,,STL199,,,,,,,,,,,,,,,,,,,,
UCP457,YH,Coyote,8/26/22,8,WSP,Kirkland,47.64708,-122.18975,100,C,Cloudy,,on top of bunny poop,,STL200,,,,,,,,,,,,,,,,,,,,
UCP458,YH,Coyote,8/26/22,8,WSP,Kirkland,47.6472,-122.18969,100,C,Cloudy,,,,STL201,,,,,,,,,,,,,,,,,,,,
UCP459,YH,Coyote,8/26/22,8,WSP,Kirkland,47.6469,-122.19003,100,C,Cloudy,,,,STL202,,,,,,,,,,,,,,,,,,,,
UCP460,YH,Coyote,8/26/22,8,WSP,Kirkland,47.6469,-122.18996,100,C,Cloudy,,,,STL203,,,,,,,,,,,,,,,,,,,,
UCP461,YH,Coyote,8/26/22,8,WSP,Kirkland,47.64628,-122.18895,100,C,Cloudy,sun bleached,,,STL204,,,,,,,,,,,,,,,,,,,,
UCP462,YH,Coyote,8/26/22,8,WSP,Kirkland,47.64681,-122.18965,100,C,Cloudy,,,,STL205,,,,,,,,,,,,,,,,,,,,
UCP463,YH,Coyote,8/26/22,8,WSP,Kirkland,47.64694943,-122.189687,100,C,Cloudy,,,,STL206,,,,,,,,,,,,,,,,,,,,
UCP464,YH,Coyote,8/26/22,8,WSP,Kirkland,47.64686,-122.1894,100,C,Cloudy,,,,STL207,,,,,,,,,,,,,,,,,,,,
UCP465,YH,Coyote,8/26/22,8,WSP,Kirkland,47.64725,-122.18958,100,A,Cloudy,,over 465,,STL208,,,,,,,,,,,,,,,,,,,,
UCP466,YH,Coyote,8/26/22,8,WSP,Kirkland,47.64725,-122.18958,100,C,,,under 464,,STL209,,,,,,,,,,,,,,,,,,,,
UCP467,YH,Coyote,8/26/22,8,WSP,Kirkland,47.64754,-122.1898,100,C,Cloudy,moldy,,,STL210,,,,,,,,,,,,,,,,,,,,
UCP468,YH,Coyote,8/26/22,8,WSP,Kirkland,47.64627,-122.18911,100,C,Cloudy,,,,STL211,,,,,,,,,,,,,,,,,,,,
UCP469,YH,Coyote,8/26/22,8,WSP,Kirkland,47.6468,-122.18866,100,C,Cloudy,,,,STL212,,,,,,,,,,,,,,,,,,,,
UCP470,YH,Coyote,8/26/22,8,WSP,Kirkland,47.64762,-122.18996,100,C,Cloudy,,,,STL213,,,,,,,,,,,,,,,,,,,,
UCP471,YH,Coyote,8/26/22,8,WSP,Kirkland,47.64751,-122.19009,100,C,Cloudy,,,,STL214,,,,,,,,,,,,,,,,,,,,
UCP472,YH,Coyote,8/26/22,8,WSP,Kirkland,47.64761,-122.19014,100,B,Cloudy,,,,STL215,,,,,,,,,,,,,,,,,,,,
UCP473,YH,Coyote,8/26/22,8,WSP,Kirkland,47.64753,-122.19012,100,C,Cloudy,,,,STL216,,,,,,,,,,,,,,,,,,,,
UCP474,YH,Coyote,8/26/22,8,WSP,Kirkland,47.64743,-122.19006,100,B,Cloudy,,,,STL217,,,,,,,,,,,,,,,,,,,,
UCP475,YH,Coyote,8/26/22,8,WSP,Kirkland,47.64627,-122.18847,100,C,Cloudy,,full of red fabric/rope,,STL218,,,,,,,,,,,,,,,,,,,,
UCP476,YH,Coyote,8/26/22,8,WSP,Kirkland,47.64728,-122.19017,100,A,Cloudy,,,,STL219,,,,,,,,,,,,,,,,,,,,
UCP477,YH,Coyote,8/26/22,8,WSP,Kirkland,47.64725,-122.19016,100,C,Cloudy,,,,STL220,,,,,,,,,,,,,,,,,,,,
UCP478,YH,Coyote,8/26/22,8,WSP,Kirkland,47.64622,-122.18894,100,B,Cloudy,,,,STL221,,,,,,,,,,,,,,,,,,,,
UCP479,YH,Coyote,8/26/22,8,WSP,Kirkland,47.64622,-122.18894,100,C,Cloudy,,,,STL222,,,,,,,,,,,,,,,,,,,,
UCP480,YH,Coyote,8/26/22,8,WSP,Kirkland,47.64783,-122.19028,100,B,Cloudy,,on top of dog poop,,STL223,,,,,,,,,,,,,,,,,,,,
UCP481,YH,Coyote,8/26/22,8,WSP,Kirkland,47.64801,-122.19013,100,A,Cloudy,,,,STL224,,,,,,,,,,,,,,,,,,,,
UCP482,YH,Coyote,8/26/22,8,WSP,Kirkland,47.64801,-122.19013,100,A,Cloudy,,,,STL225,,,,,,,,,,,,,,,,,,,,
UCP483,YH,Coyote,8/26/22,8,WSP,Kirkland,47.64801,-122.19013,100,A,Cloudy,,,,STL226,,,,,,,,,,,,,,,,,,,,
UCP484,YH,Coyote,8/26/22,8,WSP,Kirkland,47.64801,-122.19013,100,C,Cloudy,,,,STL227,,,,,,,,,,,,,,,,,,,,
UCP485,YH,Coyote,8/26/22,8,WSP,Kirkland,47.64801,-122.19013,100,C,Cloudy,,,,STL228,,,,,,,,,,,,,,,,,,,,
UCP486,YH,Coyote,8/26/22,8,WSP,Kirkland,47.64923,-122.18946,100,A,Cloudy,,,,STL229,,,,,,,,,,,,,,,,,,,,
UCP487,YH,Coyote,8/26/22,8,WSP,Kirkland,47.64923,-122.18946,100,C,Cloudy,,,,STL230,,,,,,,,,,,,,,,,,,,,
UCP488,YH,Coyote,9/12/22,9,OGC,Medina,,,100,C,,,,,STL298,,,,,,,,,,,,,,,,,,,,
UCP489,YH,Coyote,9/12/22,9,OGC,Medina,47.62891,-122.23013,100,C,,,,,STL299,,,,,,,,,,,,,,,,,,,,
UCP490,YH,Coyote,9/12/22,9,OGC,Medina,47.62891,-122.23013,100,C,,,,,STL300,,,,,,,,,,,,,,,,,,,,
UCP491,YH,Coyote,9/12/22,9,OGC,Medina,47.62891,-122.23013,100,C,,,,,STL301,,,,,,,,,,,,,,,,,,,,
UCP492,YH,Coyote,9/12/22,9,OGC,Medina,47.63097,-122.23164,100,C,,,,,STL302,,,,,,,,,,,,,,,,,,,,
UCP493,YH,Coyote,9/12/22,9,CWP,Kirkland,47.69373,-122.19662,60,A,,,could be dog,,STL303,,,,,,,,,,,,,,,,,,,,
UCP494,YH,Coyote,9/12/22,9,CWP,Kirkland,47.69293311,-122.1958377,100,A,,,,,STL304,,,,,,,,,,,,,,,,,,,,
UCP495,YH,Coyote,9/12/22,9,CWP,Kirkland,47.69295,-122.19569,100,A,,,,,STL305,,,,,,,,,,,,,,,,,,,,
UCP496,YH,Coyote,9/12/22,9,CWP,Kirkland,47.69263,-122.19572,100,B,,,,,STL306,,,,,,,,,,,,,,,,,,,,
UCP497,YH,Coyote,9/12/22,9,CWP,Kirkland,47.69271,-122.19551,60,C,,,could be bobcat,,STL307,,,,,,,,,,,,,,,,,,,,
UCP498,YH,Coyote,9/12/22,9,CWP,Kirkland,47.69286,-122.19621,100,B,,,,,STL308,,,,,,,,,,,,,,,,,,,,
UCP499,YH,Coyote,9/12/22,9,CWP,Kirkland,47.69286,-122.19621,100,C,,,,,STL309,,,,,,,,,,,,,,,,,,,,
UCP500,YH,Coyote,9/12/22,9,CWP,Kirkland,47.69199,-122.19731,100,A,,,,,STL310,,,,,,,,,,,,,,,,,,,,
UCP501,YH,Coyote,9/12/22,9,CWP,Kirkland,47.69855,-122.18751,100,B,,,,,STL311,,,,,,,,,,,,,,,,,,,,
UCP502,YH,Coyote,9/12/22,9,CWP,Kirkland,47.69921,-122.1881,100,C,,,,,STL312,,,,,,,,,,,,,,,,,,,,
UCP503,YH,Coyote,9/12/22,9,CWP,Kirkland,47.69974,-122.18961,100,C,,,,,STL313,,,,,,,,,,,,,,,,,,,,
UCP504,YH,Coyote,9/14/22,9,CEN,Bothell,47.80853,-122.21569,100,C,,,,,STL314,,,,,,,,,,,,,,,,,,,,
UCP505,YH,Coyote,9/14/22,9,CEN,Bothell,47.80844,-122.21623,100,A,,,,,STL315,,,,,,,,,,,,,,,,,,,,
UCP506,EL,Coyote,9/16/22,9,WSP,Kirkland,47.65024,-122.19102,100,B,,,,,STL316,,,,,,,,,,,,,,,,,,,,
UCP507,EL,Coyote,9/16/22,9,WSP,Kirkland,47.65089,-122.19115,100,A,,,,,STL317,,,,,,,,,,,,,,,,,,,,
UCP508,EL,Coyote,9/16/22,9,WSP,Kirkland,47.65088,-122.19115,100,A,,,,,STL318,,,,,,,,,,,,,,,,,,,,
UCP509,EL,Coyote,9/16/22,9,WSP,Kirkland,47.6502,-122.19028,100,C,,moldy,,,STL319,,,,,,,,,,,,,,,,,,,,
UCP510,EL,Coyote,9/16/22,9,WSP,Kirkland,47.64895,-122.18948,100,C,,,,,STL320,,,,,,,,,,,,,,,,,,,,
UCP511,EL,Coyote,9/16/22,9,WSP,Kirkland,47.64876,-122.18932,100,C,,,,,STL321,,,,,,,,,,,,,,,,,,,,
UCP512,EL,Coyote,9/16/22,9,WSP,Kirkland,47.64624,-122.18842,100,C,,,,,STL322,,,,,,,,,,,,,,,,,,,,
UCP513,EL,Coyote,9/16/22,9,WSP,Kirkland,47.64655,-122.18925,100,C,,,,,STL323,,,,,,,,,,,,,,,,,,,,
UCP514,EL,Coyote,9/16/22,9,WSP,Kirkland,47.64622,-122.18901,100,C,,,,,STL324,,,,,,,,,,,,,,,,,,,,
UCP515,EL,Coyote,9/16/22,9,WSP,Kirkland,47.64618,-122.18924,100,C,,,,,STL325,,,,,,,,,,,,,,,,,,,,
UCP516,EL,Coyote,9/16/22,9,WSP,Kirkland,47.64709,-122.18952,100,C,,,,,STL326,,,,,,,,,,,,,,,,,,,,
UCP517,EL,Coyote,9/16/22,9,WSP,Kirkland,47.64722,-122.18948,100,C,,,,,STL327,,,,,,,,,,,,,,,,,,,,
UCP518,YH,Coyote,9/16/22,9,WSP,Kirkland,47.64725,-122.18936,100,C,,,,,STL328,,,,,,,,,,,,,,,,,,,,
UCP519,EL,Coyote,9/16/22,9,WSP,Kirkland,47.64616,-122.18852,100,C,,,,,STL329,,,,,,,,,,,,,,,,,,,,
UCP520,EL,Coyote,9/16/22,9,WSP,Kirkland,47.64623,-122.18931,100,C,,,,,STL330,,,,,,,,,,,,,,,,,,,,
UCP521,EL,Coyote,9/16/22,9,WSP,Kirkland,47.64634,-122.1886,100,C,,,,,STL331,,,,,,,,,,,,,,,,,,,,
UCP522,YH,Coyote,9/16/22,9,WSP,Kirkland,47.64634,-122.1886,100,C,,,,,STL332,,,,,,,,,,,,,,,,,,,,
UCP523,YH,Coyote,9/16/22,9,WSP,Kirkland,47.64634,-122.1886,100,C,,,,,STL333,,,,,,,,,,,,,,,,,,,,
UCP524,EL,Coyote,9/16/22,9,WSP,Kirkland,47.64725,-122.18979,100,C,,,,,STL334,,,,,,,,,,,,,,,,,,,,
UCP525,EL,Coyote,9/16/22,9,WSP,Kirkland,47.64727,-122.18988,100,C,,,,,STL335,,,,,,,,,,,,,,,,,,,,
UCP526,EL,Coyote,9/16/22,9,WSP,Kirkland,47.64623,-122.18909,100,C,,,,,STL336,,,,,,,,,,,,,,,,,,,,
UCP527,EL,Coyote,9/16/22,9,WSP,Kirkland,47.64721,-122.18986,100,C,,,,,STL337,,,,,,,,,,,,,,,,,,,,
UCP528,EL,Coyote,9/16/22,9,WSP,Kirkland,47.64722,-122.18989,100,C,,,,,STL338,,,,,,,,,,,,,,,,,,,,
UCP529,YH,Coyote,9/16/22,9,WSP,Kirkland,47.64614,-122.18859,100,C,,,,,STL339,,,,,,,,,,,,,,,,,,,,
UCP530,YH,Coyote,9/16/22,9,WSP,Kirkland,47.64614,-122.18859,100,C,,,,,STL340,,,,,,,,,,,,,,,,,,,,
UCP531,YH,Coyote,9/16/22,9,WSP,Kirkland,47.64631,-122.18858,100,B,,,,,STL341,,,,,,,,,,,,,,,,,,,,
UCP532,YH,Coyote,9/16/22,9,WSP,Kirkland,47.64645,-122.18842,100,B,,,,,STL342,,,,,,,,,,,,,,,,,,,,
UCP533,EL,Coyote,9/16/22,9,WSP,Kirkland,47.64715,-122.18995,100,C,,,lots of bones,,STL343,,,,,,,,,,,,,,,,,,,,
UCP534,EL,Coyote,9/16/22,9,WSP,Kirkland,47.64624,-122.18932,100,C,,,,,STL344,,,,,,,,,,,,,,,,,,,,
UCP535,YH,Coyote,9/16/22,9,WSP,Kirkland,47.64736,-122.18993,100,A,,,,,STL345,,,,,,,,,,,,,,,,,,,,
UCP537,YH,Coyote,9/25/22,9,SEW,Seattle,47.56127,-122.25203,100,C,,,,,STL346,,,,,,,,,,,,,,,,,,,,
UCP538,YH,Coyote,9/25/22,9,SEW,Seattle,47.56003,-122.25028,100,C,,,,,STL347,,,,,,,,,,,,,,,,,,,,
UCP539,YH,Coyote,9/25/22,9,SEW,Seattle,47.55819,-122.25,100,A,,,,,STL348,,,,,,,,,,,,,,,,,,,,
UCP539B,SK,Coyote,9/30/22,9,PDP,Tacoma,47.31303,-122.53009,100,C,,,some mold,,STL349,,,,,,,,,,,,,,,,,,,,
UCP540,SK,Coyote,9/30/22,9,RUP,Tacoma,47.29635,-122.51042,50,A,,,,,STL350,,,,,,,,,,,,,,,,,,,,
UCP541,SK,Coyote,9/30/22,9,RUP,Tacoma,47.29635,-122.51042,100,A,,,,,STL351,,,,,,,,,,,,,,,,,,,,
UCP542,SK,Coyote,9/30/22,9,RUP,Tacoma,47.29653,122.51015,100,C,,,,,STL352,,,,,,,,,,,,,,,,,,,,
UCP543,SK,Coyote,9/30/22,9,RUP,Tacoma,47.29653,122.51015,100,C,,,,,STL353,,,,,,,,,,,,,,,,,,,,
UCP544,SK,Coyote,9/30/22,9,RUP,Tacoma,47.29653,122.51015,100,C,,,,,STL354,,,,,,,,,,,,,,,,,,,,
UCP545,SK,Coyote,9/30/22,9,RUP,Tacoma,47.29697,-122.51028,100,C,,,,,STL355,,,,,,,,,,,,,,,,,,,,
UCP546,SK,Coyote,9/30/22,9,RUP,Tacoma,47.29678,-122.50993,100,A,,,,,STL356,,,,,,,,,,,,,,,,,,,,
UCP547,YH,Coyote,9/30/22,9,RUP,Tacoma,47.29655,-122.51035,100,B,,,,,STL357,,,,,,,,,,,,,,,,,,,,
UCP547B,YH,Coyote,10/03/22,10,GMP,Renton,47.48616,-122.17013,100,C,,,double sample,,STL358,,,,,,,,,,,,,,,,,,,,
UCP548,YH,Coyote,9/30/22,9,CUP,Tacoma,47.27364068,-122.468402,100,C,,,,,STL359,,,,,,,,,,,,,,,,,,,,
UCP548B,YH,Coyote,10/03/22,10,GMP,Renton,47.48656,-122.1707,100,B,,,"double sample, wormies",,STL360,,,,,,,,,,,,,,,,,,,,
UCP549,YH,Coyote,10/03/22,10,GMP,Renton,47.48647,-122.17068,100,C,,,wormies,,STL361,,,,,,,,,,,,,,,,,,,,
UCP550,YH,Coyote,10/03/22,10,GMP,Renton,47.48507,-122.17025,100,C,,,,,STL362,,,,,,,,,,,,,,,,,,,,
UCP551,YH,Coyote,10/03/22,10,GMP,Renton,47.48527,-122.17035,100,C,,,,,STL363,,,,,,,,,,,,,,,,,,,,
UCP552,YH,Coyote,10/03/22,10,GMP,Renton,47.48549,-122.17028,100,C,,,,,STL364,,,,,,,,,,,,,,,,,,,,
UCP553,YH,Coyote,10/03/22,10,GMP,Renton,47.48552,-122.17043,100,C,,,mold,,STL365,,,,,,,,,,,,,,,,,,,,
UCP554,YH,Coyote,10/03/22,10,GMP,Renton,47.48552,-122.17043,100,C,,,bleached,,STL366,,,,,,,,,,,,,,,,,,,,
UCP555,YH,Coyote,10/03/22,10,GMP,Renton,47.48563,-122.17023,100,C,,,smushed,,STL367,,,,,,,,,,,,,,,,,,,,
UCP556,YH,Coyote,10/03/22,10,GMP,Renton,47.48604,-122.16905,100,C,,,,,STL368,,,,,,,,,,,,,,,,,,,,
UCP557,YH,Coyote,10/03/22,10,GMP,Renton,47.48557,-122.17093,100,C,,,,,STL369,,,,,,,,,,,,,,,,,,,,
UCP558,YH,Coyote,10/03/22,10,GMP,Renton,47.48715,-122.16919,100,C,,,,,STL370,,,,,,,,,,,,,,,,,,,,
UCP559,YH,Coyote,10/03/22,10,RVL,Bellevue,47.5929,-122.16016,100,C,,,,,STL371,,,,,,,,,,,,,,,,,,,,
UCP560,YH,Coyote,10/03/22,10,BTP,Kirkland,47.64945,-122.17491,100,C,,,,,STL372,,,,,,,,,,,,,,,,,,,,
UCP561,YH,Coyote,10/03/22,10,BTP,Kirkland,47.65334,-122.17507,100,C,,,,,STL373,,,,,,,,,,,,,,,,,,,,
UCP562,YH,Coyote,10/06/22,10,UWS,Seattle,47.66284,-122.30934,100,C,,,,,,,,,,,,,,,,,,,,,,,,,
UCP563,YH,Coyote,10/12/22,10,UWS,Seattle,47.6516,-122.31162,100,C,,,could be 2 samples ,,,,,,,,,,,,,,,,,,,,,,
UCP564,YH,Coyote,12/14/22,12,KUB,Seattle,47.5129,-122.26727,100,A,,,,,,,,,,,,,,,,,,,,,,,,,
UCP565,YH,Coyote,12/14/22,12,KUB,Seattle,47.51357,-122.26882,100,A,,,,,,,,,,,,,,,,,,,,,,,,,
UCP566,YH,Coyote,12/14/22,12,KUB,Seattle,47.51427,-122.26677,80,C,,smushed,,,,,,,,,,,,,,,,,,,,,,,
UCP567,YH,Coyote,1/1/23,1,DIS,Seattle,47.65631,-122.41749,100,B,,smushed,,,,,,,,,,,,,,,,,,,,,,,
UCP-SK-001,SK,River otter,6/21/2022,6,BSW,Seattle,47.65266,-122.31744,100,A,A,NA,NA,No,,,,,,,,,,,,,,,,,,,,,
UCP-SK-002,SK,River otter,6/21/2022,6,BSW,Seattle,47.65266,-122.31744,100,A,A,NA,NA,No,,,,,,,,,,,,,,,,,,,,,
UCP-SK-003,SK,River otter,6/21/2022,6,BSW,Seattle,47.65266,-122.31744,100,B,B,NA,NA,No,,,,,,,,,,,,,,,,,,,,,
UCP-SK-004,SK,River otter,6/21/2022,6,BSW,Seattle,47.65253,-122.31757,100,C,C,Dry,Not a lot of sample would scrape off dock,No,,,,,,,,,,,,,,,,,,,,,
UCP-SK-005,SK,River otter,6/21/2022,6,BSW,Seattle,47.65253,-122.31757,50,C,C,Dry,"Seeds, could be raccoon maybe not sure but on top of older otter scat ",No,,,,,,,,,,,,,,,,,,,,,
UCP-SK-006,SK,Raccoon,6/24/2022,6,DNB,,47.66453,-122.41736,50,A,A,NA,Lots of seeds,NA,,,,,,,,,,,,,,,,,,,,,
SEB20,SK,River otter,7/9/2021,7,BHB,Bainbridge Island,47.59726,-122.51782,100,,,dry,NA,No,,,,,,,,,,,,,,,,,,,,,
SEB05,SK,River otter,7/9/2021,7,BHB,Bainbridge Island,47.59668,-122.5187,100,,,NA,"05 06 could be the same, clam, RO",No,,,,,,,,,,,,,,,,,,,,,
SEB06,SK,River otter,7/9/2021,7,BHB,Bainbridge Island,47.59668,-122.5187,100,,,NA,"05 06 could be the same, clam, RO",No,,,,,,,,,,,,,,,,,,,,,
SEB07,SK,River otter,7/9/2021,7,BHB,Bainbridge Island,47.59684,-122.51873,100,,,NA,"clam, RO",No,,,,,,,,,,,,,,,,,,,,,
SEB08,SK,River otter,7/9/2021,7,BHB,Bainbridge Island,47.59668,-122.51857,100,,,NA,"older, could be same as 9",No,,,,,,,,,,,,,,,,,,,,,
SEB09,SK,River otter,7/9/2021,7,BHB,Bainbridge Island,47.59668,-122.51857,100,,,NA,"older, could be same as 8",No,,,,,,,,,,,,,,,,,,,,,
SEB10,SK,River otter,7/9/2021,7,BHB,Bainbridge Island,47.59668,-122.51857,100,,,NA,"clam, RO",No,,,,,,,,,,,,,,,,,,,,,
SEB11,SK,River otter,7/9/2021,7,BHB,Bainbridge Island,47.59655,-122.51868,100,,,NA,"clam, RO",No,,,,,,,,,,,,,,,,,,,,,
SEB12,SK,River otter,7/9/2021,7,BHB,Bainbridge Island,47.59675,-122.51867,100,,,NA,"clam, RO",No,,,,,,,,,,,,,,,,,,,,,
SEB13,SK,River otter,7/9/2021,7,BHB,Bainbridge Island,47.59675,-122.51867,100,,,NA,"clam, RO",No,,,,,,,,,,,,,,,,,,,,,
SEB14,SK,River otter,7/9/2021,7,BHB,Bainbridge Island,47.59675,-122.51867,100,,,NA,"clam, RO",No,,,,,,,,,,,,,,,,,,,,,
SEB15,SK,River otter,7/9/2021,7,BHB,Bainbridge Island,47.59673,-122.51881,100,,,NA,"clam, RO",No,,,,,,,,,,,,,,,,,,,,,
SEV65,SK,River otter,8/2/2021,8,SMV,Vashon Island,47.48114,-122.48219,100,,,NA,"clam, RO",No,,,,,,,,,,,,,,,,,,,,,
SEV66,SK,River otter,8/2/2021,8,SMV,Vashon Island,47.48114,-122.48219,100,,,NA,"clam, RO",No,,,,,,,,,,,,,,,,,,,,,
SEV67,SK,River otter,8/2/2021,8,SMV,Vashon Island,47.48114,-122.48219,100,,,NA,"clam, RO",No,,,,,,,,,,,,,,,,,,,,,
SEV68,SK,River otter,8/2/2021,8,SMV,Vashon Island,47.48114,-122.48219,100,,,NA,"clam, RO",No,,,,,,,,,,,,,,,,,,,,,
SEV69,SK,River otter,8/2/2021,8,SMV,Vashon Island,47.48114,-122.48219,100,,,NA,"clam, RO",No,,,,,,,,,,,,,,,,,,,,,
SEV70,SK,River otter,8/2/2021,8,SMV,Vashon Island,47.48118,-122.48223,100,,,NA,"clam, RO",No,,,,,,,,,,,,,,,,,,,,,
SEV71,SK,River otter,8/2/2021,8,SMV,Vashon Island,47.48118,-122.48223,100,,,NA,"clam, RO",No,,,,,,,,,,,,,,,,,,,,,
UCP-OC-001,OC,coyote,6/30/22,6,UNB,Seattle,47.39.358,-122.17.714,100,C,C,dry,vegetation,na,,,,,,,,,,,,,,,,,,,,,
UCP-OC-002,OC,coyote,7/7/22,7,UNB,Seattle,47.39.474,-122.17.281,90,C,C,dry,fur,na,,,,,,,,,,,,,,,,,,,,,
UCP-SK-007,SK,River otter,7/1/22,7,NLM,Seattle,47.60435,-122.28276,100,,,NA,Gaia didn't save my fucking notes,No,,,,,,,,,,,,,,,,,,,,,
UCP-SK-008,SK,River otter,7/1/22,7,NLM,Seattle,47.60435,-122.28276,100,,,NA,Gaia didn't save my fucking notes,No,,,,,,,,,,,,,,,,,,,,,
UCP-SK-009,SK,River otter,7/1/22,7,NLM,Seattle,47.60435,-122.28276,100,,,NA,Gaia didn't save my fucking notes,No,,,,,,,,,,,,,,,,,,,,,
UCP-SK-010,SK,River otter,7/1/22,7,NLM,Seattle,47.60436,-122.28273,100,B,B,NA,NA,No,,,,,,,,,,,,,,,,,,,,,
UCP-SK-011,SK,River otter,7/1/22,7,NLM,Seattle,47.60434,-122.28278,100,B,B,NA,NA,No,,,,,,,,,,,,,,,,,,,,,
UCP-SK-012,SK,River otter,7/1/22,7,NLM,Seattle,47.60442,-122.28262,100,B,B,NA,Dry anal jelly,Yes,,,,,,,,,,,,,,,,,,,,,
UCP-SK-013,SK,River otter,7/1/22,7,NLM,Seattle,47.60442,-122.28262,100,C,C,NA,NA,No,,,,,,,,,,,,,,,,,,,,,
UCP-SK-014,SK,River otter,7/1/22,7,NLM,Seattle,47.60444,-122.28269,100,,,NA,Gaia didn't save my fucking notes,No,,,,,,,,,,,,,,,,,,,,,
UCP-SK-015,SK,River otter,7/1/22,7,NLM,Seattle,47.60444,-122.28269,100,,,NA,Gaia didn't save my fucking notes,No,,,,,,,,,,,,,,,,,,,,,
UCP-SK-016,SK,River otter,7/1/22,7,NLM,Seattle,47.60444,-122.28269,100,,,NA,Gaia didn't save my fucking notes,No,,,,,,,,,,,,,,,,,,,,,
UCP-SK-017,SK,River otter,7/1/22,7,NLM,Seattle,47.60444,-122.28269,100,,,NA,Gaia didn't save my fucking notes,No,,,,,,,,,,,,,,,,,,,,,
UCP-SK-018,SK,River otter,7/1/22,7,NLM,Seattle,47.60444,-122.28269,100,,,NA,Gaia didn't save my fucking notes,No,,,,,,,,,,,,,,,,,,,,,
UCP-SK-019,SK,River otter,7/1/22,7,NLM,Seattle,47.60444,-122.28269,100,,,NA,Gaia didn't save my fucking notes,No,,,,,,,,,,,,,,,,,,,,,
UCP-SK-020,SK,River otter,7/1/22,7,LWM,Seattle,47.56331,-122.26595,80,,,NA,Dead fish that was an otter snack,No,,,,,,,,,,,,,,,,,,,,,
UCP-SK-021,SK,River otter,7/1/22,7,LWM,Seattle,47.56326,-122.26598,100,B,B,NA,NA,No,,,,,,,,,,,,,,,,,,,,,
UCP-SK-022,SK,River otter,7/1/22,7,LWM,Seattle,47.56326,-122.26598,100,B,B,NA,NA,No,,,,,,,,,,,,,,,,,,,,,
UCP-SK-023,SK,Coyote,7/15/22,7,RUP,Tacoma,47.29743,-122.51089,100,C,C,"dry, pretty old",NA,NA,,,,,,,,,,,,,,,,,,,,,
UCP-SK-024,SK,Coyote,7/15/22,7,RUP,Tacoma,47.29699,-122.51001,100,B,B,NA,NA,NA,,,,,,,,,,,,,,,,,,,,,
UCP-SK-025,SK,Coyote,7/15/22,7,CUP,Tacoma,47.27325,-122.47003,100,A,A,NA,"partially really firm, part had orange diarreaha which could've been dog on top or part of the scat",NA,,,,,,,,,,,,,,,,,,,,,
UCP-SK-026,SK,Coyote,7/15/22,7,GHT,Tacoma,47.24992,-122.40984,199,C,C,"really old, dry",NA,NA,,,,,,,,,,,,,,,,,,,,,
UCP-SK-027,SK,Coyote,7/15/22,7,GHT,Tacoma,47.249,-122.41154,100,C,C,"really old, dry",NA,NA,,,,,,,,,,,,,,,,,,,,,
UCP-SK-028,SK,River otter,7/22/22,7,NLM,Seattle,47.60436,-122.28295,100,C,C,NA,NA,No,,,,,,,,,,,,,,,,,,,,,
UCP-SK-029,SK,River otter,7/22/22,7,NLM,Seattle,47.60436,-122.28295,100,C,C,NA,NA,No,,,,,,,,,,,,,,,,,,,,,
UCP-SK-030,SK,River otter,7/22/22,7,NLM,Seattle,47.60436,-122.28295,100,C,C,NA,NA,No,,,,,,,,,,,,,,,,,,,,,
UCP-SK-031,SK,River otter,7/22/22,7,NLM,Seattle,47.60436,-122.28295,100,C,C,NA,NA,No,,,,,,,,,,,,,,,,,,,,,
UCP-SK-032,SK,River otter,7/22/22,7,NLM,Seattle,47.60436,-122.28295,100,C,C,NA,NA,No,,,,,,,,,,,,,,,,,,,,,
UCP-SK-033,SK,River otter,7/22/22,7,NLM,Seattle,47.60436,-122.28295,100,C,C,NA,NA,No,,,,,,,,,,,,,,,,,,,,,
UCP-SK-034,SK,River otter,7/22/22,7,NLM,Seattle,47.60436,-122.28295,100,B,B,NA,NA,No,,,,,,,,,,,,,,,,,,,,,
UCP-SK-035,SK,River otter,7/22/22,7,NLM,Seattle,47.6035,-122.28438,100,A,A,NA,NA,No,,,,,,,,,,,,,,,,,,,,,
UCP-SK-036,SK,River otter,7/22/22,7,NLM,Seattle,47.6035,-122.28438,100,C,C,NA,NA,No,,,,,,,,,,,,,,,,,,,,,
UCP-SK-037,SK,River otter,7/22/22,7,NLM,Seattle,47.6035,-122.28438,100,C,C,NA,NA,No,,,,,,,,,,,,,,,,,,,,,
UCP-SK-038,SK,River otter,7/22/22,7,NLM,Seattle,47.6035,-122.28438,100,C,C,NA,NA,No,,,,,,,,,,,,,,,,,,,,,
UCP-SK-039,SK,River otter,7/22/22,7,NLM,Seattle,47.6035,-122.28438,100,C,C,NA,NA,No,,,,,,,,,,,,,,,,,,,,,
UCP-SK-040,SK,River otter,7/22/22,7,NLM,Seattle,47.6035,-122.28438,100,C,C,NA,NA,No,,,,,,,,,,,,,,,,,,,,,
UCP-SK-041,SK,River otter,7/22/22,7,NLM,Seattle,47.6035,-122.28438,100,C,C,NA,NA,No,,,,,,,,,,,,,,,,,,,,,
UCP-SK-042,SK,River otter,7/22/22,7,NLM,Seattle,47.6035,-122.28438,100,C,C,NA,NA,No,,,,,,,,,,,,,,,,,,,,,
UCP-SK-043,SK,River otter,7/22/22,7,NLM,Seattle,47.6035,-122.28438,100,C,C,NA,NA,No,,,,,,,,,,,,,,,,,,,,,
UCP-SK-044,SK,River otter,7/22/22,7,NLM,Seattle,47.6035,-122.28438,100,C,C,NA,NA,No,,,,,,,,,,,,,,,,,,,,,
UCP-SK-045,SK,River otter,7/22/22,7,NLM,Seattle,47.6035,-122.28438,100,C,C,NA,NA,No,,,,,,,,,,,,,,,,,,,,,
UCP-SK-046,SK,River otter,7/22/22,7,NLM,Seattle,47.6035,-122.28438,100,C,C,NA,NA,No,,,,,,,,,,,,,,,,,,,,,
UCP-SK-047,SK,River otter,7/22/22,7,NLM,Seattle,47.6035,-122.28438,100,C,C,NA,NA,No,,,,,,,,,,,,,,,,,,,,,
UCP-SK-048,SK,River otter,7/22/22,7,NLM,Seattle,47.6035,-122.28438,100,C,C,NA,NA,No,,,,,,,,,,,,,,,,,,,,,
UCP-SK-049,SK,River otter,7/22/22,7,NLM,Seattle,47.6035,-122.28438,100,C,C,NA,NA,No,,,,,,,,,,,,,,,,,,,,,
UCP-SK-050,SK,River otter,7/22/22,7,NLM,Seattle,47.6035,-122.28438,100,C,C,NA,NA,No,,,,,,,,,,,,,,,,,,,,,
UCP- OC- 03,OC,coyote ,7/25/22,7,,Seattle,47.41.407',122.11.719',80,C,C,NA,,,,,,,,,,,,,,,,,,,,,,,
UCP-OC-04,OC,coyote ,7/25/22,7,,Seattle,47.41.421',122.11.705',80,C,C,NA,,,,,,,,,,,,,,,,,,,,,,,
UCP-OC-05,OC,coyote ,7/25/22,7,,Seattle,47.41.421',122.11.701',80,C,C,NA,,,,,,,,,,,,,,,,,,,,,,,
UCP-OC-06,OC,coyote ,7/25/22,7,,Seattle,47.41.427',122.11.702',80,C,C,NA,,,,,,,,,,,,,,,,,,,,,,,
UCP-OC-07,OC,coyote ,7/25/22,7,,Seattle,47.41.489',122.11.691',80,C,C,NA,,,,,,,,,,,,,,,,,,,,,,,
UCP-OC-08,OC,coyote ,7/25/22,7,,Seattle,47.64754,-122.19006,100,C,C,NA,,,,,,,,,,,,,,,,,,,,,,,
UCP-OC-09,OC,coyote ,7/25/22,7,,Seattle,47.38.839',122.11.404',80,C,C,NA,,,,,,,,,,,,,,,,,,,,,,,
UCP-OC-10,OC,coyote ,7/25/22,7,,Seattle,47.38.814',122.11.317',80,C,C,NA,,,,,,,,,,,,,,,,,,,,,,,
UCP-SK-43,SK,coyote,7/25/22,7,,,47.69171,-122.19529,100,C,C,NA,Gaia fucking sucks... repeat number but should be easy to figure out by date,NA,,,,,,,,,,,,,,,,,,,,,
UCP-SK-44,SK,coyote ,7/25/22,7,,,47.69174,-122.19537,100,A,A,NA,Gaia fucking sucks... repeat number but should be easy to figure out by date,NA,,,,,,,,,,,,,,,,,,,,,
UCP-SK-45,SK,coyote ,7/25/22,7,,,47.69185,-122.1952,100,B,B,NA,Gaia fucking sucks... repeat number but should be easy to figure out by date,NA,,,,,,,,,,,,,,,,,,,,,
UCP-SK-46,SK,coyote ,7/25/22,7,,,47.64957,-122.18925,100,C,C,NA,Gaia fucking sucks... repeat number but should be easy to figure out by date,NA,,,,,,,,,,,,,,,,,,,,,
UCP-SK-47,SK,coyote ,7/25/22,7,,,47.64778,-122.19022,100,C,C,NA,Gaia fucking sucks... repeat number but should be easy to figure out by date,NA,,,,,,,,,,,,,,,,,,,,,
UCP-SK-51,SK,coyote ,7/28/22,7,,,47.79869,-122.37653,100,C,C,NA,cherry,NA,,,,,,,,,,,,,,,,,,,,,
UCP-SK-52,SK,coyote ,7/28/22,7,,,47.79842,-122.37774,50,C,C,NA,could just be chunk of hair from roadkill,NA,,,,,,,,,,,,,,,,,,,,,
UCP-SK-53,SK,coyote ,8/3/22,8,HOL,Shoreline,47.77588,-122.32551,100,C,C,NA,,NA,,,,,,,,,,,,,,,,,,,,,
UCP-SK-54,SK,coyote ,8/3/22,8,HOL,Shoreline,47.7759,-122.32551,100,C,C,NA,very old,NA,,,,,,,,,,,,,,,,,,,,,
UCP-SK-55,SK,coyote ,8/3/22,8,HOL,Shoreline,47.77615,-122.32548,100,C,C,NA,,,,,,,,,,,,,,,,,,,,,,,
UCP-SK-56,SK,coyote ,8/3/22,8,HOL,Shoreline,47.77615,-122.32548,100,C,C,NA,,,,,,,,,,,,,,,,,,,,,,,
UCP-SK-57,SK,coyote ,8/3/22,8,HOL,Shoreline,47.77634,-122.32504,100,C,C,NA,,,,,,,,,,,,,,,,,,,,,,,
UCP-SK-58,SK,coyote ,8/3/22,8,HOL,Shoreline,47.77612,-122.32522,100,C,C,NA,,,,,,,,,,,,,,,,,,,,,,,
UCP-SK-59,SK,coyote ,8/3/22,8,HOL,Shoreline,47.77593,-122.32513,100,C,C,NA,,,,,,,,,,,,,,,,,,,,,,,
UCP-SK-60,SK,coyote ,8/3/22,8,HOL,Shoreline,47.77585,-122.32574,100,C,C,NA,,,,,,,,,,,,,,,,,,,,,,,
UCP-SK-61,SK,coyote ,8/3/22,8,HOL,Shoreline,47.77179,-122.32643,100,A,A,NA,,,,,,,,,,,,,,,,,,,,,,,
UCP-SK-62,SK,Raccoon,8/3/22,8,,,47.77472,-122.39247,60,C,C,NA,,,,,,,,,,,,,,,,,,,,,,,
UCP-SK-63,SK,Raccoon,8/3/22,8,,,47.76627,-122.38297,70,C,C,NA,,,,,,,,,,,,,,,,,,,,,,,
UCP-SK-64,SK,coyote ,8/3/22,8,,,47.7664,-122.38426,100,B,B,NA,,,,,,,,,,,,,,,,,,,,,,,
UCP-SK-65,SK,coyote ,8/3/22,8,,,47.76423,-122.38612,100,C,C,NA,very old,,,,,,,,,,,,,,,,,,,,,,
UCP-OC-11,OC,River otter,8/12/22,8,BSW,Seattle,47.65261,-122.31747,100,C,C,,,No,,,,,,,,,,,,,,,,,,,,,
UCP-OC-12,OC,River otter,8/12/22,8,BSW,Seattle,47.65261,-122.31747,100,C,C,,,No,,,,,,,,,,,,,,,,,,,,,
UCP-OC-13,OC,River otter,8/12/22,8,BSW,Seattle,47.65261,-122.31747,100,C,C,,,No,,,,,,,,,,,,,,,,,,,,,
UCP-EL-001,EL,Coyote,8/5/22,8,TWT,Renton,47.46679,-122.19675,80,C,C,,,,,,,,,,,,,,,,,,,,,,,,
UCP-EL-002,EL,Coyote,8/5/22,8,TWT,Renton,47.46708,-122.1904,100,C,C,,,,,,,,,,,,,,,,,,,,,,,,
UCP-EL-003,EL,Coyote,8/5/22,8,DON,Renton,,,,C,C,,,,,,,,,,,,,,,,,,,,,,,,
UCP-OC-14,OC,coyote,8/12/22,8,ubna,Seattle,47.65684,122.29357,90,C,C,,,,,,,,,,,,,,,,,,,,,,,,
UCP-OC-15,OC,coyote,8/12/22,8,ubna,Seattle,47.65823,122.28664,90,,,,,,,,,,,,,,,,,,,,,,,,,,
UCP-SK-66,SK,coyote,8/16/22,8,Meridian Park Elementary,,47.75281,-122.33878,100,A,A,NA,NA,NA,,,,,,,,,,,,,,,,,,,,,
UCP-SK-67,SK,coyote,8/16/22,8,Holyrood Cemetary,Shoreline,47.77581,-122.3249,100,A,A,,,,,,,,,,,,,,,,,,,,,,,,
UCP-SK-68,SK,coyote,8/16/22,8,Holyrood Cemetary,Shoreline,47.77574,-122.32482,100,C,C,,,,,,,,,,,,,,,,,,,,,,,,
UCP-SK-69,SK,coyote,8/16/22,8,Holyrood Cemetary,Shoreline,47.77157,-122.32618,100,C,C,,,,,,,,,,,,,,,,,,,,,,,,
UCP-OC-16,OC,River otter,8/19/22,8,BSW,Seattle,47.6526,-122.31753,100,C,C,,,no,,,,,,,,,,,,,,,,,,,,,
UCP-OC-16,OC,River otter,9/5/22,9,BSW,Seattle,47.65261,-122.31747,100,C,C,,,no,,,,,,,,,,,,,,,,,,,,,
UCP-OC-17,OC,River otter,9/5/22,9,BSW,Seattle,47.65261,-122.31747,100,C,C,,,no,,,,,,,,,,,,,,,,,,,,,
UCP-OC-18,OC,River otter,9/5/22,9,BSW,Seattle,47.65261,-122.31747,100,C,C,,,no,,,,,,,,,,,,,,,,,,,,,
UCP-SK-70,SK,coyote,10/8/22,10,,,47.7132,-122.14033,90,C,C,,grass,,,,,,,,,,,,,,,,,,,,,,
UCP-SK-71,KN,coyote,10/11/22,10,,,,,,,,,need to get coords from kelly,,,,,,,,,,,,,,,,,,,,,,
UCP-EL-004,EL,Coyote,9/16/22,9,WSP,Kirkland,47.64614,-122.18814,100,C,C,,,,,,,,,,,,,,,,,,,,,,,,
UCP-EL-005,EL,Coyote,9/16/22,9,WSP,Kirkland,47.64704,-122.1897,100,C,C,,,,,,,,,,,,,,,,,,,,,,,,
UCP-EL-006,EL,Coyote,9/16/22,9,WSP,Kirkland,47.64725,-122.19014,100,A,A,,,,,,,,,,,,,,,,,,,,,,,,
UCP-EL-007,EL,Coyote,9/16/22,9,WSP,Kirkland,47.64618,-122.18905,100,C,C,,,,,,,,,,,,,,,,,,,,,,,,
UCP-EL-008,EL,Coyote,9/16/22,9,WSP,Kirkland,47.64686,-122.18964,100,C,C,,,,,,,,,,,,,,,,,,,,,,,,
UCP-EL-009,EL,Coyote,9/16/22,9,WSP,Kirkland,47.6473,-122.19003,100,C,C,,,,,,,,,,,,,,,,,,,,,,,,
UCP-EL-010,EL,Coyote,1/3/23,1,RUS,Tacoma,47.29789,-122.50947,100,B,B,,,,,,,,,,,,,,,,,,,,,,,,
 UCP-EL-011,YH,Coyote,1/3/23,1,SWA,Tacoma,47.22233,-122.39857,100,A,A,,,,,,,,,,,,,,,,,,,,,,,,
UCP-OC-21,OC,Coyote,9/15/22,9,UNB,Seattle,,,100,A,A,,Get GPS from Olivia,,,,,,,,,,,,,,,,,,,,,,
UCP-OC-22,OC,Coyote,9/15/22,9,UNB,Seattle,,,100,B,B,,Get GPS from Olivia,,,,,,,,,,,,,,,,,,,,,,
,,,,,,,,,,,,,,,,,,,,,,,,,,,,,,,,,,,
,,,,,,,,,,,,,,,,,,,,,,,,,,,,,,,,,,,
,,,,,,,,,,,,,,,,,,,,,,,,,,,,,,,,,,,
,,,,,,,,,,,,,,,,,,,,,,,,,,,,,,,,,,,
,,,,,,,,,,,,,,,,,,,,,,,,,,,,,,,,,,,
,,,,,,,,,,,,,,,,,,,,,,,,,,,,,,,,,,,
,,,,,,,,,,,,,,,,,,,,,,,,,,,,,,,,,,,
,,,,,,,,,,,,,,,,,,,,,,,,,,,,,,,,,,,
,,,,,,,,,,,,,,,,,,,,,,,,,,,,,,,,,,,
,,,,,,,,,,,,,,,,,,,,,,,,,,,,,,,,,,,
,,,,,,,,,,,,,,,,,,,,,,,,,,,,,,,,,,,
,,,,,,,,,,,,,,,,,,,,,,,,,,,,,,,,,,,
,,,,,,,,,,,,,,,,,,,,,,,,,,,,,,,,,,,
,,,,,,,,,,,,,,,,,,,,,,,,,,,,,,,,,,,
,,,,,,,,,,,,,,,,,,,,,,,,,,,,,,,,,,,
,,,,,,,,,,,,,,,,,,,,,,,,,,,,,,,,,,,
,,,,,,,,,,,,,,,,,,,,,,,,,,,,,,,,,,,
,,,,,,,,,,,,,,,,,,,,,,,,,,,,,,,,,,,
,,,,,,,,,,,,,,,,,,,,,,,,,,,,,,,,,,,
,,,,,,,,,,,,,,,,,,,,,,,,,,,,,,,,,,,
,,,,,,,,,,,,,,,,,,,,,,,,,,,,,,,,,,,
,,,,,,,,,,,,,,,,,,,,,,,,,,,,,,,,,,,
,,,,,,,,,,,,,,,,,,,,,,,,,,,,,,,,,,,
,,,,,,,,,,,,,,,,,,,,,,,,,,,,,,,,,,,
,,,,,,,,,,,,,,,,,,,,,,,,,,,,,,,,,,,
,,,,,,,,,,,,,,,,,,,,,,,,,,,,,,,,,,,
,,,,,,,,,,,,,,,,,,,,,,,,,,,,,,,,,,,
,,,,,,,,,,,,,,,,,,,,,,,,,,,,,,,,,,,
,,,,,,,,,,,,,,,,,,,,,,,,,,,,,,,,,,,
,,,,,,,,,,,,,,,,,,,,,,,,,,,,,,,,,,,
,,,,,,,,,,,,,,,,,,,,,,,,,,,,,,,,,,,
,,,,,,,,,,,,,,,,,,,,,,,,,,,,,,,,,,,
,,,,,,,,,,,,,,,,,,,,,,,,,,,,,,,,,,,
,,,,,,,,,,,,,,,,,,,,,,,,,,,,,,,,,,,
,,,,,,,,,,,,,,,,,,,,,,,,,,,,,,,,,,,
,,,,,,,,,,,,,,,,,,,,,,,,,,,,,,,,,,,
,,,,,,,,,,,,,,,,,,,,,,,,,,,,,,,,,,,
,,,,,,,,,,,,,,,,,,,,,,,,,,,,,,,,,,,
,,,,,,,,,,,,,,,,,,,,,,,,,,,,,,,,,,,
,,,,,,,,,,,,,,,,,,,,,,,,,,,,,,,,,,,
,,,,,,,,,,,,,,,,,,,,,,,,,,,,,,,,,,,
,,,,,,,,,,,,,,,,,,,,,,,,,,,,,,,,,,,
,,,,,,,,,,,,,,,,,,,,,,,,,,,,,,,,,,,
,,,,,,,,,,,,,,,,,,,,,,,,,,,,,,,,,,,
,,,,,,,,,,,,,,,,,,,,,,,,,,,,,,,,,,,
,,,,,,,,,,,,,,,,,,,,,,,,,,,,,,,,,,,
,,,,,,,,,,,,,,,,,,,,,,,,,,,,,,,,,,,
,,,,,,,,,,,,,,,,,,,,,,,,,,,,,,,,,,,
,,,,,,,,,,,,,,,,,,,,,,,,,,,,,,,,,,,
,,,,,,,,,,,,,,,,,,,,,,,,,,,,,,,,,,,
,,,,,,,,,,,,,,,,,,,,,,,,,,,,,,,,,,,
,,,,,,,,,,,,,,,,,,,,,,,,,,,,,,,,,,,
,,,,,,,,,,,,,,,,,,,,,,,,,,,,,,,,,,,
,,,,,,,,,,,,,,,,,,,,,,,,,,,,,,,,,,,
,,,,,,,,,,,,,,,,,,,,,,,,,,,,,,,,,,,
,,,,,,,,,,,,,,,,,,,,,,,,,,,,,,,,,,,
,,,,,,,,,,,,,,,,,,,,,,,,,,,,,,,,,,,
,,,,,,,,,,,,,,,,,,,,,,,,,,,,,,,,,,,
,,,,,,,,,,,,,,,,,,,,,,,,,,,,,,,,,,,
,,,,,,,,,,,,,,,,,,,,,,,,,,,,,,,,,,,
,,,,,,,,,,,,,,,,,,,,,,,,,,,,,,,,,,,
,,,,,,,,,,,,,,,,,,,,,,,,,,,,,,,,,,,
,,,,,,,,,,,,,,,,,,,,,,,,,,,,,,,,,,,
,,,,,,,,,,,,,,,,,,,,,,,,,,,,,,,,,,,
,,,,,,,,,,,,,,,,,,,,,,,,,,,,,,,,,,,
,,,,,,,,,,,,,,,,,,,,,,,,,,,,,,,,,,,
,,,,,,,,,,,,,,,,,,,,,,,,,,,,,,,,,,,
,,,,,,,,,,,,,,,,,,,,,,,,,,,,,,,,,,,
,,,,,,,,,,,,,,,,,,,,,,,,,,,,,,,,,,,
,,,,,,,,,,,,,,,,,,,,,,,,,,,,,,,,,,,
,,,,,,,,,,,,,,,,,,,,,,,,,,,,,,,,,,,
,,,,,,,,,,,,,,,,,,,,,,,,,,,,,,,,,,,
,,,,,,,,,,,,,,,,,,,,,,,,,,,,,,,,,,,
,,,,,,,,,,,,,,,,,,,,,,,,,,,,,,,,,,,
,,,,,,,,,,,,,,,,,,,,,,,,,,,,,,,,,,,
,,,,,,,,,,,,,,,,,,,,,,,,,,,,,,,,,,,
,,,,,,,,,,,,,,,,,,,,,,,,,,,,,,,,,,,
,,,,,,,,,,,,,,,,,,,,,,,,,,,,,,,,,,,
,,,,,,,,,,,,,,,,,,,,,,,,,,,,,,,,,,,
,,,,,,,,,,,,,,,,,,,,,,,,,,,,,,,,,,,
,,,,,,,,,,,,,,,,,,,,,,,,,,,,,,,,,,,
,,,,,,,,,,,,,,,,,,,,,,,,,,,,,,,,,,,
,,,,,,,,,,,,,,,,,,,,,,,,,,,,,,,,,,,
,,,,,,,,,,,,,,,,,,,,,,,,,,,,,,,,,,,
,,,,,,,,,,,,,,,,,,,,,,,,,,,,,,,,,,,
,,,,,,,,,,,,,,,,,,,,,,,,,,,,,,,,,,,
,,,,,,,,,,,,,,,,,,,,,,,,,,,,,,,,,,,
,,,,,,,,,,,,,,,,,,,,,,,,,,,,,,,,,,,
,,,,,,,,,,,,,,,,,,,,,,,,,,,,,,,,,,,
,,,,,,,,,,,,,,,,,,,,,,,,,,,,,,,,,,,
,,,,,,,,,,,,,,,,,,,,,,,,,,,,,,,,,,,
,,,,,,,,,,,,,,,,,,,,,,,,,,,,,,,,,,,
,,,,,,,,,,,,,,,,,,,,,,,,,,,,,,,,,,,
,,,,,,,,,,,,,,,,,,,,,,,,,,,,,,,,,,,
,,,,,,,,,,,,,,,,,,,,,,,,,,,,,,,,,,,
,,,,,,,,,,,,,,,,,,,,,,,,,,,,,,,,,,,
,,,,,,,,,,,,,,,,,,,,,,,,,,,,,,,,,,,
,,,,,,,,,,,,,,,,,,,,,,,,,,,,,,,,,,,
,,,,,,,,,,,,,,,,,,,,,,,,,,,,,,,,,,,
,,,,,,,,,,,,,,,,,,,,,,,,,,,,,,,,,,,
,,,,,,,,,,,,,,,,,,,,,,,,,,,,,,,,,,,
,,,,,,,,,,,,,,,,,,,,,,,,,,,,,,,,,,,
,,,,,,,,,,,,,,,,,,,,,,,,,,,,,,,,,,,
,,,,,,,,,,,,,,,,,,,,,,,,,,,,,,,,,,,
,,,,,,,,,,,,,,,,,,,,,,,,,,,,,,,,,,,
,,,,,,,,,,,,,,,,,,,,,,,,,,,,,,,,,,,
,,,,,,,,,,,,,,,,,,,,,,,,,,,,,,,,,,,
,,,,,,,,,,,,,,,,,,,,,,,,,,,,,,,,,,,
,,,,,,,,,,,,,,,,,,,,,,,,,,,,,,,,,,,
,,,,,,,,,,,,,,,,,,,,,,,,,,,,,,,,,,,
,,,,,,,,,,,,,,,,,,,,,,,,,,,,,,,,,,,
,,,,,,,,,,,,,,,,,,,,,,,,,,,,,,,,,,,
,,,,,,,,,,,,,,,,,,,,,,,,,,,,,,,,,,,
,,,,,,,,,,,,,,,,,,,,,,,,,,,,,,,,,,,
,,,,,,,,,,,,,,,,,,,,,,,,,,,,,,,,,,,
,,,,,,,,,,,,,,,,,,,,,,,,,,,,,,,,,,,
,,,,,,,,,,,,,,,,,,,,,,,,,,,,,,,,,,,
,,,,,,,,,,,,,,,,,,,,,,,,,,,,,,,,,,,
,,,,,,,,,,,,,,,,,,,,,,,,,,,,,,,,,,,
,,,,,,,,,,,,,,,,,,,,,,,,,,,,,,,,,,,
,,,,,,,,,,,,,,,,,,,,,,,,,,,,,,,,,,,
,,,,,,,,,,,,,,,,,,,,,,,,,,,,,,,,,,,
,,,,,,,,,,,,,,,,,,,,,,,,,,,,,,,,,,,
,,,,,,,,,,,,,,,,,,,,,,,,,,,,,,,,,,,
,,,,,,,,,,,,,,,,,,,,,,,,,,,,,,,,,,,
,,,,,,,,,,,,,,,,,,,,,,,,,,,,,,,,,,,
,,,,,,,,,,,,,,,,,,,,,,,,,,,,,,,,,,,
,,,,,,,,,,,,,,,,,,,,,,,,,,,,,,,,,,,
,,,,,,,,,,,,,,,,,,,,,,,,,,,,,,,,,,,
,,,,,,,,,,,,,,,,,,,,,,,,,,,,,,,,,,,
,,,,,,,,,,,,,,,,,,,,,,,,,,,,,,,,,,,
,,,,,,,,,,,,,,,,,,,,,,,,,,,,,,,,,,,
,,,,,,,,,,,,,,,,,,,,,,,,,,,,,,,,,,,
,,,,,,,,,,,,,,,,,,,,,,,,,,,,,,,,,,,
,,,,,,,,,,,,,,,,,,,,,,,,,,,,,,,,,,,
,,,,,,,,,,,,,,,,,,,,,,,,,,,,,,,,,,,
,,,,,,,,,,,,,,,,,,,,,,,,,,,,,,,,,,,
,,,,,,,,,,,,,,,,,,,,,,,,,,,,,,,,,,,
,,,,,,,,,,,,,,,,,,,,,,,,,,,,,,,,,,,
,,,,,,,,,,,,,,,,,,,,,,,,,,,,,,,,,,,
,,,,,,,,,,,,,,,,,,,,,,,,,,,,,,,,,,,
,,,,,,,,,,,,,,,,,,,,,,,,,,,,,,,,,,,
,,,,,,,,,,,,,,,,,,,,,,,,,,,,,,,,,,,
,,,,,,,,,,,,,,,,,,,,,,,,,,,,,,,,,,,
,,,,,,,,,,,,,,,,,,,,,,,,,,,,,,,,,,,
,,,,,,,,,,,,,,,,,,,,,,,,,,,,,,,,,,,
,,,,,,,,,,,,,,,,,,,,,,,,,,,,,,,,,,,
,,,,,,,,,,,,,,,,,,,,,,,,,,,,,,,,,,,
,,,,,,,,,,,,,,,,,,,,,,,,,,,,,,,,,,,
,,,,,,,,,,,,,,,,,,,,,,,,,,,,,,,,,,,
,,,,,,,,,,,,,,,,,,,,,,,,,,,,,,,,,,,
,,,,,,,,,,,,,,,,,,,,,,,,,,,,,,,,,,,
,,,,,,,,,,,,,,,,,,,,,,,,,,,,,,,,,,,
,,,,,,,,,,,,,,,,,,,,,,,,,,,,,,,,,,,
,,,,,,,,,,,,,,,,,,,,,,,,,,,,,,,,,,,
,,,,,,,,,,,,,,,,,,,,,,,,,,,,,,,,,,,
,,,,,,,,,,,,,,,,,,,,,,,,,,,,,,,,,,,
,,,,,,,,,,,,,,,,,,,,,,,,,,,,,,,,,,,
,,,,,,,,,,,,,,,,,,,,,,,,,,,,,,,,,,,
,,,,,,,,,,,,,,,,,,,,,,,,,,,,,,,,,,,
,,,,,,,,,,,,,,,,,,,,,,,,,,,,,,,,,,,
,,,,,,,,,,,,,,,,,,,,,,,,,,,,,,,,,,,
,,,,,,,,,,,,,,,,,,,,,,,,,,,,,,,,,,,
,,,,,,,,,,,,,,,,,,,,,,,,,,,,,,,,,,,
,,,,,,,,,,,,,,,,,,,,,,,,,,,,,,,,,,,
,,,,,,,,,,,,,,,,,,,,,,,,,,,,,,,,,,,
,,,,,,,,,,,,,,,,,,,,,,,,,,,,,,,,,,,
,,,,,,,,,,,,,,,,,,,,,,,,,,,,,,,,,,,
,,,,,,,,,,,,,,,,,,,,,,,,,,,,,,,,,,,
,,,,,,,,,,,,,,,,,,,,,,,,,,,,,,,,,,,
,,,,,,,,,,,,,,,,,,,,,,,,,,,,,,,,,,,
,,,,,,,,,,,,,,,,,,,,,,,,,,,,,,,,,,,
,,,,,,,,,,,,,,,,,,,,,,,,,,,,,,,,,,,
,,,,,,,,,,,,,,,,,,,,,,,,,,,,,,,,,,,
,,,,,,,,,,,,,,,,,,,,,,,,,,,,,,,,,,,
,,,,,,,,,,,,,,,,,,,,,,,,,,,,,,,,,,,
,,,,,,,,,,,,,,,,,,,,,,,,,,,,,,,,,,,
,,,,,,,,,,,,,,,,,,,,,,,,,,,,,,,,,,,
,,,,,,,,,,,,,,,,,,,,,,,,,,,,,,,,,,,
,,,,,,,,,,,,,,,,,,,,,,,,,,,,,,,,,,,
,,,,,,,,,,,,,,,,,,,,,,,,,,,,,,,,,,,
,,,,,,,,,,,,,,,,,,,,,,,,,,,,,,,,,,,
,,,,,,,,,,,,,,,,,,,,,,,,,,,,,,,,,,,
,,,,,,,,,,,,,,,,,,,,,,,,,,,,,,,,,,,
,,,,,,,,,,,,,,,,,,,,,,,,,,,,,,,,,,,
,,,,,,,,,,,,,,,,,,,,,,,,,,,,,,,,,,,
,,,,,,,,,,,,,,,,,,,,,,,,,,,,,,,,,,,
,,,,,,,,,,,,,,,,,,,,,,,,,,,,,,,,,,,
,,,,,,,,,,,,,,,,,,,,,,,,,,,,,,,,,,,
,,,,,,,,,,,,,,,,,,,,,,,,,,,,,,,,,,,
,,,,,,,,,,,,,,,,,,,,,,,,,,,,,,,,,,,
,,,,,,,,,,,,,,,,,,,,,,,,,,,,,,,,,,,
,,,,,,,,,,,,,,,,,,,,,,,,,,,,,,,,,,,
,,,,,,,,,,,,,,,,,,,,,,,,,,,,,,,,,,,
,,,,,,,,,,,,,,,,,,,,,,,,,,,,,,,,,,,
,,,,,,,,,,,,,,,,,,,,,,,,,,,,,,,,,,,
,,,,,,,,,,,,,,,,,,,,,,,,,,,,,,,,,,,
,,,,,,,,,,,,,,,,,,,,,,,,,,,,,,,,,,,
,,,,,,,,,,,,,,,,,,,,,,,,,,,,,,,,,,,
,,,,,,,,,,,,,,,,,,,,,,,,,,,,,,,,,,,
,,,,,,,,,,,,,,,,,,,,,,,,,,,,,,,,,,,
,,,,,,,,,,,,,,,,,,,,,,,,,,,,,,,,,,,
,,,,,,,,,,,,,,,,,,,,,,,,,,,,,,,,,,,
,,,,,,,,,,,,,,,,,,,,,,,,,,,,,,,,,,,
,,,,,,,,,,,,,,,,,,,,,,,,,,,,,,,,,,,
,,,,,,,,,,,,,,,,,,,,,,,,,,,,,,,,,,,
,,,,,,,,,,,,,,,,,,,,,,,,,,,,,,,,,,,
,,,,,,,,,,,,,,,,,,,,,,,,,,,,,,,,,,,
,,,,,,,,,,,,,,,,,,,,,,,,,,,,,,,,,,,
,,,,,,,,,,,,,,,,,,,,,,,,,,,,,,,,,,,
,,,,,,,,,,,,,,,,,,,,,,,,,,,,,,,,,,,
,,,,,,,,,,,,,,,,,,,,,,,,,,,,,,,,,,,
,,,,,,,,,,,,,,,,,,,,,,,,,,,,,,,,,,,
,,,,,,,,,,,,,,,,,,,,,,,,,,,,,,,,,,,
,,,,,,,,,,,,,,,,,,,,,,,,,,,,,,,,,,,
,,,,,,,,,,,,,,,,,,,,,,,,,,,,,,,,,,,
,,,,,,,,,,,,,,,,,,,,,,,,,,,,,,,,,,,
,,,,,,,,,,,,,,,,,,,,,,,,,,,,,,,,,,,
,,,,,,,,,,,,,,,,,,,,,,,,,,,,,,,,,,,
,,,,,,,,,,,,,,,,,,,,,,,,,,,,,,,,,,,
,,,,,,,,,,,,,,,,,,,,,,,,,,,,,,,,,,,
,,,,,,,,,,,,,,,,,,,,,,,,,,,,,,,,,,,
,,,,,,,,,,,,,,,,,,,,,,,,,,,,,,,,,,,
,,,,,,,,,,,,,,,,,,,,,,,,,,,,,,,,,,,
,,,,,,,,,,,,,,,,,,,,,,,,,,,,,,,,,,,
,,,,,,,,,,,,,,,,,,,,,,,,,,,,,,,,,,,
,,,,,,,,,,,,,,,,,,,,,,,,,,,,,,,,,,,
,,,,,,,,,,,,,,,,,,,,,,,,,,,,,,,,,,,
,,,,,,,,,,,,,,,,,,,,,,,,,,,,,,,,,,,
,,,,,,,,,,,,,,,,,,,,,,,,,,,,,,,,,,,
,,,,,,,,,,,,,,,,,,,,,,,,,,,,,,,,,,,
,,,,,,,,,,,,,,,,,,,,,,,,,,,,,,,,,,,
,,,,,,,,,,,,,,,,,,,,,,,,,,,,,,,,,,,
,,,,,,,,,,,,,,,,,,,,,,,,,,,,,,,,,,,
,,,,,,,,,,,,,,,,,,,,,,,,,,,,,,,,,,,
,,,,,,,,,,,,,,,,,,,,,,,,,,,,,,,,,,,
,,,,,,,,,,,,,,,,,,,,,,,,,,,,,,,,,,,
,,,,,,,,,,,,,,,,,,,,,,,,,,,,,,,,,,,
,,,,,,,,,,,,,,,,,,,,,,,,,,,,,,,,,,,
,,,,,,,,,,,,,,,,,,,,,,,,,,,,,,,,,,,
,,,,,,,,,,,,,,,,,,,,,,,,,,,,,,,,,,,
,,,,,,,,,,,,,,,,,,,,,,,,,,,,,,,,,,,
,,,,,,,,,,,,,,,,,,,,,,,,,,,,,,,,,,,
,,,,,,,,,,,,,,,,,,,,,,,,,,,,,,,,,,,
,,,,,,,,,,,,,,,,,,,,,,,,,,,,,,,,,,,
,,,,,,,,,,,,,,,,,,,,,,,,,,,,,,,,,,,
,,,,,,,,,,,,,,,,,,,,,,,,,,,,,,,,,,,
,,,,,,,,,,,,,,,,,,,,,,,,,,,,,,,,,,,
,,,,,,,,,,,,,,,,,,,,,,,,,,,,,,,,,,,
,,,,,,,,,,,,,,,,,,,,,,,,,,,,,,,,,,,
,,,,,,,,,,,,,,,,,,,,,,,,,,,,,,,,,,,
,,,,,,,,,,,,,,,,,,,,,,,,,,,,,,,,,,,
,,,,,,,,,,,,,,,,,,,,,,,,,,,,,,,,,,,
,,,,,,,,,,,,,,,,,,,,,,,,,,,,,,,,,,,
,,,,,,,,,,,,,,,,,,,,,,,,,,,,,,,,,,,
,,,,,,,,,,,,,,,,,,,,,,,,,,,,,,,,,,,
,,,,,,,,,,,,,,,,,,,,,,,,,,,,,,,,,,,
,,,,,,,,,,,,,,,,,,,,,,,,,,,,,,,,,,,
,,,,,,,,,,,,,,,,,,,,,,,,,,,,,,,,,,,
,,,,,,,,,,,,,,,,,,,,,,,,,,,,,,,,,,,
,,,,,,,,,,,,,,,,,,,,,,,,,,,,,,,,,,,
,,,,,,,,,,,,,,,,,,,,,,,,,,,,,,,,,,,
,,,,,,,,,,,,,,,,,,,,,,,,,,,,,,,,,,,
,,,,,,,,,,,,,,,,,,,,,,,,,,,,,,,,,,,
,,,,,,,,,,,,,,,,,,,,,,,,,,,,,,,,,,,
,,,,,,,,,,,,,,,,,,,,,,,,,,,,,,,,,,,
,,,,,,,,,,,,,,,,,,,,,,,,,,,,,,,,,,,
,,,,,,,,,,,,,,,,,,,,,,,,,,,,,,,,,,,
,,,,,,,,,,,,,,,,,,,,,,,,,,,,,,,,,,,
,,,,,,,,,,,,,,,,,,,,,,,,,,,,,,,,,,,
,,,,,,,,,,,,,,,,,,,,,,,,,,,,,,,,,,,
,,,,,,,,,,,,,,,,,,,,,,,,,,,,,,,,,,,
,,,,,,,,,,,,,,,,,,,,,,,,,,,,,,,,,,,
,,,,,,,,,,,,,,,,,,,,,,,,,,,,,,,,,,,
,,,,,,,,,,,,,,,,,,,,,,,,,,,,,,,,,,,
,,,,,,,,,,,,,,,,,,,,,,,,,,,,,,,,,,,
,,,,,,,,,,,,,,,,,,,,,,,,,,,,,,,,,,,
,,,,,,,,,,,,,,,,,,,,,,,,,,,,,,,,,,,
,,,,,,,,,,,,,,,,,,,,,,,,,,,,,,,,,,,
,,,,,,,,,,,,,,,,,,,,,,,,,,,,,,,,,,,
,,,,,,,,,,,,,,,,,,,,,,,,,,,,,,,,,,,
,,,,,,,,,,,,,,,,,,,,,,,,,,,,,,,,,,,
,,,,,,,,,,,,,,,,,,,,,,,,,,,,,,,,,,,
,,,,,,,,,,,,,,,,,,,,,,,,,,,,,,,,,,,
,,,,,,,,,,,,,,,,,,,,,,,,,,,,,,,,,,,
,,,,,,,,,,,,,,,,,,,,,,,,,,,,,,,,,,,
,,,,,,,,,,,,,,,,,,,,,,,,,,,,,,,,,,,
,,,,,,,,,,,,,,,,,,,,,,,,,,,,,,,,,,,
,,,,,,,,,,,,,,,,,,,,,,,,,,,,,,,,,,,
,,,,,,,,,,,,,,,,,,,,,,,,,,,,,,,,,,,
,,,,,,,,,,,,,,,,,,,,,,,,,,,,,,,,,,,
,,,,,,,,,,,,,,,,,,,,,,,,,,,,,,,,,,,
,,,,,,,,,,,,,,,,,,,,,,,,,,,,,,,,,,,
,,,,,,,,,,,,,,,,,,,,,,,,,,,,,,,,,,,
,,,,,,,,,,,,,,,,,,,,,,,,,,,,,,,,,,,
,,,,,,,,,,,,,,,,,,,,,,,,,,,,,,,,,,,
,,,,,,,,,,,,,,,,,,,,,,,,,,,,,,,,,,,
,,,,,,,,,,,,,,,,,,,,,,,,,,,,,,,,,,,
,,,,,,,,,,,,,,,,,,,,,,,,,,,,,,,,,,,
,,,,,,,,,,,,,,,,,,,,,,,,,,,,,,,,,,,
,,,,,,,,,,,,,,,,,,,,,,,,,,,,,,,,,,,
,,,,,,,,,,,,,,,,,,,,,,,,,,,,,,,,,,,
,,,,,,,,,,,,,,,,,,,,,,,,,,,,,,,,,,,
,,,,,,,,,,,,,,,,,,,,,,,,,,,,,,,,,,,
,,,,,,,,,,,,,,,,,,,,,,,,,,,,,,,,,,,
,,,,,,,,,,,,,,,,,,,,,,,,,,,,,,,,,,,
,,,,,,,,,,,,,,,,,,,,,,,,,,,,,,,,,,,
,,,,,,,,,,,,,,,,,,,,,,,,,,,,,,,,,,,
,,,,,,,,,,,,,,,,,,,,,,,,,,,,,,,,,,,
,,,,,,,,,,,,,,,,,,,,,,,,,,,,,,,,,,,
,,,,,,,,,,,,,,,,,,,,,,,,,,,,,,,,,,,
,,,,,,,,,,,,,,,,,,,,,,,,,,,,,,,,,,,
,,,,,,,,,,,,,,,,,,,,,,,,,,,,,,,,,,,
,,,,,,,,,,,,,,,,,,,,,,,,,,,,,,,,,,,
,,,,,,,,,,,,,,,,,,,,,,,,,,,,,,,,,,,
,,,,,,,,,,,,,,,,,,,,,,,,,,,,,,,,,,,
,,,,,,,,,,,,,,,,,,,,,,,,,,,,,,,,,,,
,,,,,,,,,,,,,,,,,,,,,,,,,,,,,,,,,,,
,,,,,,,,,,,,,,,,,,,,,,,,,,,,,,,,,,,
,,,,,,,,,,,,,,,,,,,,,,,,,,,,,,,,,,,
,,,,,,,,,,,,,,,,,,,,,,,,,,,,,,,,,,,
,,,,,,,,,,,,,,,,,,,,,,,,,,,,,,,,,,,
,,,,,,,,,,,,,,,,,,,,,,,,,,,,,,,,,,,
,,,,,,,,,,,,,,,,,,,,,,,,,,,,,,,,,,,
,,,,,,,,,,,,,,,,,,,,,,,,,,,,,,,,,,,
,,,,,,,,,,,,,,,,,,,,,,,,,,,,,,,,,,,
,,,,,,,,,,,,,,,,,,,,,,,,,,,,,,,,,,,
,,,,,,,,,,,,,,,,,,,,,,,,,,,,,,,,,,,
,,,,,,,,,,,,,,,,,,,,,,,,,,,,,,,,,,,
,,,,,,,,,,,,,,,,,,,,,,,,,,,,,,,,,,,
,,,,,,,,,,,,,,,,,,,,,,,,,,,,,,,,,,,
,,,,,,,,,,,,,,,,,,,,,,,,,,,,,,,,,,,
,,,,,,,,,,,,,,,,,,,,,,,,,,,,,,,,,,,
,,,,,,,,,,,,,,,,,,,,,,,,,,,,,,,,,,,
,,,,,,,,,,,,,,,,,,,,,,,,,,,,,,,,,,,
,,,,,,,,,,,,,,,,,,,,,,,,,,,,,,,,,,,
,,,,,,,,,,,,,,,,,,,,,,,,,,,,,,,,,,,
,,,,,,,,,,,,,,,,,,,,,,,,,,,,,,,,,,,
,,,,,,,,,,,,,,,,,,,,,,,,,,,,,,,,,,,
,,,,,,,,,,,,,,,,,,,,,,,,,,,,,,,,,,,
,,,,,,,,,,,,,,,,,,,,,,,,,,,,,,,,,,,
,,,,,,,,,,,,,,,,,,,,,,,,,,,,,,,,,,,
,,,,,,,,,,,,,,,,,,,,,,,,,,,,,,,,,,,
,,,,,,,,,,,,,,,,,,,,,,,,,,,,,,,,,,,
,,,,,,,,,,,,,,,,,,,,,,,,,,,,,,,,,,,
,,,,,,,,,,,,,,,,,,,,,,,,,,,,,,,,,,,
,,,,,,,,,,,,,,,,,,,,,,,,,,,,,,,,,,,
,,,,,,,,,,,,,,,,,,,,,,,,,,,,,,,,,,,
,,,,,,,,,,,,,,,,,,,,,,,,,,,,,,,,,,,
,,,,,,,,,,,,,,,,,,,,,,,,,,,,,,,,,,,
,,,,,,,,,,,,,,,,,,,,,,,,,,,,,,,,,,,
,,,,,,,,,,,,,,,,,,,,,,,,,,,,,,,,,,,
,,,,,,,,,,,,,,,,,,,,,,,,,,,,,,,,,,,
,,,,,,,,,,,,,,,,,,,,,,,,,,,,,,,,,,,
,,,,,,,,,,,,,,,,,,,,,,,,,,,,,,,,,,,
,,,,,,,,,,,,,,,,,,,,,,,,,,,,,,,,,,,
,,,,,,,,,,,,,,,,,,,,,,,,,,,,,,,,,,,
,,,,,,,,,,,,,,,,,,,,,,,,,,,,,,,,,,,
,,,,,,,,,,,,,,,,,,,,,,,,,,,,,,,,,,,
,,,,,,,,,,,,,,,,,,,,,,,,,,,,,,,,,,,
,,,,,,,,,,,,,,,,,,,,,,,,,,,,,,,,,,,
,,,,,,,,,,,,,,,,,,,,,,,,,,,,,,,,,,,
,,,,,,,,,,,,,,,,,,,,,,,,,,,,,,,,,,,
,,,,,,,,,,,,,,,,,,,,,,,,,,,,,,,,,,,
,,,,,,,,,,,,,,,,,,,,,,,,,,,,,,,,,,,
,,,,,,,,,,,,,,,,,,,,,,,,,,,,,,,,,,,
,,,,,,,,,,,,,,,,,,,,,,,,,,,,,,,,,,,
,,,,,,,,,,,,,,,,,,,,,,,,,,,,,,,,,,,
,,,,,,,,,,,,,,,,,,,,,,,,,,,,,,,,,,,
,,,,,,,,,,,,,,,,,,,,,,,,,,,,,,,,,,,
,,,,,,,,,,,,,,,,,,,,,,,,,,,,,,,,,,,
,,,,,,,,,,,,,,,,,,,,,,,,,,,,,,,,,,,
,,,,,,,,,,,,,,,,,,,,,,,,,,,,,,,,,,,
,,,,,,,,,,,,,,,,,,,,,,,,,,,,,,,,,,,
,,,,,,,,,,,,,,,,,,,,,,,,,,,,,,,,,,,